DailyRate,DistanceFromHome,EnvironmentSatisfaction,JobInvolvement,JobSatisfaction,MaritalStatus,NumCompaniesWorked,OverTime,StockOptionLevel,TotalWorkingYears,TrainingTimesLastYear,WorkLifeBalance,YearsAtCompany,Attrition
1102,1,2,3,4,Single,8,Yes,0,8,0,1,6,Yes
279,8,3,2,2,Married,1,No,1,10,3,3,10,No
1373,2,4,2,3,Single,6,Yes,0,7,3,3,0,Yes
1392,3,4,3,3,Married,1,Yes,0,8,3,3,8,No
591,2,1,3,2,Married,9,No,1,6,3,3,2,No
1005,2,4,3,4,Single,0,No,0,8,2,2,7,No
1324,3,3,4,1,Married,4,Yes,3,12,3,2,1,No
1358,24,4,3,3,Divorced,1,No,1,1,2,3,1,No
216,23,4,2,3,Single,0,No,0,10,2,3,9,No
1299,27,3,3,3,Married,6,No,2,17,3,2,7,No
809,16,1,4,2,Married,0,No,1,6,5,3,5,No
153,15,4,2,3,Single,0,Yes,0,10,3,3,9,No
670,26,1,3,3,Divorced,1,No,1,5,1,2,5,No
1346,19,2,3,4,Divorced,0,No,1,3,2,3,2,No
103,24,3,2,3,Single,5,Yes,0,6,4,3,4,Yes
1389,21,2,4,1,Divorced,1,No,1,10,1,3,10,No
334,5,1,4,2,Divorced,0,Yes,2,7,5,2,6,No
1123,16,4,4,4,Divorced,1,Yes,2,1,2,2,1,No
1219,2,1,2,4,Married,2,No,0,31,3,3,25,No
371,2,4,3,4,Single,5,Yes,0,6,3,3,3,No
673,11,1,4,3,Divorced,0,No,1,5,5,2,4,No
1218,9,3,2,1,Single,7,No,0,10,4,3,5,Yes
419,7,1,3,2,Single,0,No,0,13,4,3,12,No
391,15,3,3,4,Single,1,No,0,0,6,3,0,No
699,6,2,3,1,Single,2,No,0,8,2,3,4,Yes
1282,5,3,3,3,Divorced,4,No,1,26,3,2,14,No
1125,16,2,1,1,Single,1,Yes,0,10,5,3,10,Yes
691,8,3,3,2,Married,0,No,1,10,2,3,9,No
477,7,1,2,4,Married,3,No,1,24,4,3,22,No
705,2,2,3,1,Single,3,No,0,22,2,2,2,No
924,2,3,3,4,Single,4,No,0,7,3,3,1,No
1459,10,4,3,4,Married,2,Yes,0,9,5,4,4,No
125,9,4,2,3,Single,1,No,0,10,5,3,10,No
895,5,4,3,4,Married,3,No,1,19,6,4,1,Yes
813,1,2,3,4,Married,2,Yes,1,6,2,2,2,Yes
1273,2,4,4,3,Divorced,1,No,2,6,3,2,5,No
869,3,1,2,3,Married,1,Yes,0,3,2,3,3,Yes
890,2,4,3,4,Married,1,No,0,2,3,3,2,No
852,5,2,2,1,Married,9,Yes,1,6,3,4,1,No
1141,1,3,4,1,Married,2,No,2,10,3,3,5,No
464,4,3,3,4,Divorced,1,No,1,1,3,3,1,No
1240,2,4,3,1,Divorced,1,No,1,1,6,3,1,No
1357,25,1,1,3,Single,1,No,0,1,2,2,1,Yes
994,8,4,3,3,Single,1,No,0,9,0,3,9,No
721,1,3,3,4,Single,1,No,0,12,2,3,12,No
1360,12,2,3,3,Married,1,No,0,23,0,3,22,Yes
1065,23,2,3,3,Single,0,No,0,10,2,3,9,No
408,19,2,3,2,Married,4,No,0,8,1,3,1,No
1211,5,1,3,4,Single,4,Yes,0,14,4,3,9,No
1229,8,4,4,4,Married,1,No,0,1,2,3,1,No
626,1,1,2,3,Single,9,Yes,0,23,2,3,1,Yes
1434,5,3,3,3,Single,1,Yes,0,2,3,2,2,Yes
1488,1,2,3,1,Divorced,5,Yes,1,9,2,2,4,No
1097,11,3,2,1,Married,2,Yes,1,10,3,3,4,No
1443,23,3,2,4,Married,7,Yes,1,5,2,2,2,No
515,1,1,3,4,Single,1,Yes,0,15,1,3,15,No
853,18,2,3,1,Married,1,No,1,9,3,2,9,No
1142,23,3,3,1,Married,3,Yes,1,4,3,3,2,No
655,7,4,3,4,Divorced,3,No,1,10,3,2,7,No
1115,1,1,2,3,Divorced,1,No,1,7,2,4,7,No
427,1,1,3,4,Married,1,Yes,1,9,3,3,9,No
653,29,4,3,4,Single,1,No,0,10,2,3,10,No
989,7,2,2,3,Divorced,5,Yes,1,29,2,2,27,No
1435,25,1,3,1,Single,7,No,0,28,3,2,21,No
1223,8,3,3,3,Divorced,1,No,3,17,2,3,17,No
836,8,4,3,3,Divorced,2,Yes,3,21,2,3,5,No
1195,11,2,2,2,Single,1,No,0,6,3,3,6,No
1339,7,2,3,1,Divorced,2,No,1,25,2,3,1,No
664,1,2,3,1,Married,4,No,1,5,2,2,3,No
318,9,4,2,3,Married,0,Yes,1,2,0,2,1,Yes
1225,1,1,2,3,Single,7,No,0,20,2,2,4,No
1328,2,3,3,2,Married,0,No,1,6,3,3,5,No
1082,1,3,3,2,Single,1,No,0,1,4,3,1,No
548,1,2,3,2,Married,1,No,2,10,3,3,10,No
132,6,2,4,4,Married,3,No,0,5,3,3,1,No
746,8,3,3,4,Single,1,No,0,11,2,3,11,No
776,1,3,2,1,Single,0,No,0,16,2,3,15,No
193,6,4,3,1,Married,4,Yes,0,17,3,4,0,No
397,7,1,3,3,Single,4,No,0,16,3,4,5,No
945,5,2,3,2,Divorced,8,Yes,1,16,2,3,4,No
852,1,4,2,4,Married,1,Yes,2,10,1,2,10,No
1214,1,2,2,3,Single,1,No,0,6,3,3,6,No
111,1,1,3,4,Married,3,No,1,24,4,3,1,No
573,6,2,1,4,Divorced,7,Yes,3,17,3,3,13,No
1153,1,1,3,2,Married,1,No,0,5,2,3,5,No
1400,7,4,1,4,Single,4,No,0,37,3,2,6,No
541,2,3,3,1,Divorced,3,No,1,3,3,3,0,No
432,9,4,3,4,Married,3,No,2,10,4,3,4,No
288,2,3,2,4,Married,1,No,3,11,3,3,11,No
669,9,3,2,4,Single,1,No,0,9,3,3,9,Yes
530,1,3,2,2,Married,1,No,1,22,3,2,22,No
632,21,3,3,4,Single,0,Yes,0,11,2,1,10,No
1334,4,3,2,2,Divorced,1,Yes,3,11,4,2,11,No
638,1,3,2,1,Married,2,Yes,1,21,5,2,10,No
1093,6,2,3,3,Single,1,No,0,12,0,3,11,No
1217,2,1,3,3,Married,9,No,1,16,5,1,4,No
1353,3,1,3,3,Married,0,No,1,4,2,2,3,No
120,4,2,3,3,Married,1,No,0,5,3,4,5,No
682,10,4,3,3,Single,0,No,0,38,1,2,37,No
489,23,2,3,2,Married,4,No,1,17,3,4,3,No
807,6,3,3,1,Divorced,4,Yes,0,7,3,3,3,Yes
827,1,4,3,1,Single,1,No,0,1,2,3,1,No
871,6,4,2,4,Single,1,Yes,0,1,5,3,1,Yes
665,6,1,3,3,Single,1,No,0,16,3,3,16,No
1040,2,3,2,4,Divorced,5,No,1,17,2,4,1,No
1420,2,3,2,4,Married,9,No,1,30,3,3,3,No
1115,1,1,3,2,Married,3,Yes,0,28,1,2,8,No
240,5,3,2,3,Single,1,Yes,0,6,1,3,6,Yes
1280,7,4,2,4,Married,1,No,2,2,2,3,2,No
534,15,2,3,4,Single,1,No,0,1,5,3,0,No
1456,1,1,2,1,Single,3,No,0,23,1,2,13,No
658,7,1,1,3,Single,1,Yes,0,9,3,3,9,Yes
142,26,4,4,4,Single,2,Yes,0,23,3,3,5,No
1127,18,2,3,3,Married,0,No,1,6,2,3,5,No
1031,6,3,2,2,Divorced,6,No,1,12,3,3,1,No
1189,3,3,3,4,Single,2,No,0,12,3,3,5,No
1354,5,3,2,1,Single,2,No,0,14,6,3,11,No
1467,11,2,3,4,Married,0,No,1,10,6,3,9,No
922,3,1,3,4,Divorced,5,No,1,7,2,3,1,No
394,26,3,3,4,Married,1,Yes,2,25,3,4,25,No
1312,23,1,1,3,Divorced,1,No,3,10,2,2,10,No
750,22,3,3,2,Married,0,No,1,8,2,4,7,No
441,14,2,3,2,Married,9,Yes,3,7,2,3,5,Yes
684,6,1,3,3,Single,7,No,0,23,5,3,20,No
249,6,2,1,3,Married,4,Yes,0,12,3,2,7,Yes
841,6,3,2,2,Married,1,No,0,5,3,2,5,No
147,23,4,3,4,Married,1,No,1,40,3,2,40,Yes
528,22,4,3,3,Single,1,Yes,0,0,2,2,0,Yes
594,2,3,3,4,Married,0,No,1,3,2,3,2,No
470,20,3,3,1,Married,1,No,0,16,2,2,15,No
957,28,2,4,3,Single,4,No,0,18,2,3,3,No
809,12,3,3,4,Single,4,No,0,16,3,3,2,No
542,20,2,1,3,Married,3,Yes,1,4,2,3,2,Yes
802,9,3,3,3,Divorced,3,Yes,1,12,2,3,9,No
1355,25,3,3,3,Married,1,No,1,8,3,3,8,No
216,6,2,3,2,Divorced,6,No,2,7,0,3,3,No
1150,8,1,1,4,Single,2,No,0,18,2,3,4,Yes
1329,4,4,2,3,Married,4,No,1,17,1,4,15,No
959,28,1,2,3,Married,2,No,0,6,3,3,2,No
1240,9,3,3,4,Married,0,Yes,0,12,2,1,11,No
1033,9,1,3,1,Single,7,No,0,10,2,4,5,Yes
1316,29,3,3,4,Single,5,No,0,9,2,2,6,No
364,3,4,3,3,Single,3,Yes,0,19,2,3,3,No
438,18,1,3,3,Single,1,No,0,5,4,2,5,No
689,9,4,1,4,Divorced,0,No,3,9,2,4,8,No
201,5,4,3,1,Divorced,5,No,1,8,3,3,3,No
1427,2,2,2,4,Single,0,No,0,6,3,3,5,No
857,10,4,2,1,Divorced,4,No,1,21,2,2,7,No
933,9,3,3,1,Married,2,No,1,7,2,3,5,No
1181,3,2,3,2,Single,1,No,0,1,3,3,1,No
1395,26,2,3,2,Divorced,1,No,1,20,2,3,20,No
662,1,3,3,2,Married,1,No,2,10,3,3,10,No
1436,6,2,3,3,Married,2,Yes,1,13,3,1,7,No
194,9,2,3,2,Divorced,8,No,1,20,2,1,17,No
967,8,2,3,4,Single,1,No,0,9,2,3,9,No
1496,1,4,3,3,Married,1,No,1,10,1,3,10,No
1169,7,2,2,3,Married,2,No,0,10,2,3,1,No
1145,9,2,2,2,Married,4,Yes,1,9,3,2,1,No
630,4,3,2,4,Married,7,No,1,15,2,2,12,No
303,2,3,3,3,Married,6,No,1,6,3,3,4,No
1256,19,3,3,4,Married,1,No,2,2,6,3,2,No
691,9,4,3,2,Divorced,6,No,1,6,1,1,2,No
440,21,3,3,4,Married,1,No,1,5,2,1,5,No
334,24,3,4,4,Divorced,3,Yes,1,12,2,1,5,No
1450,3,3,2,3,Divorced,1,Yes,1,1,2,2,1,No
1452,11,3,3,2,Single,3,No,0,21,5,3,5,No
465,14,1,3,3,Divorced,4,No,1,13,2,3,9,No
1339,5,2,3,4,Married,2,No,1,12,2,3,10,No
702,1,1,2,4,Single,4,No,0,12,2,4,8,No
120,6,3,3,3,Single,3,No,0,8,2,3,5,No
1157,17,3,3,2,Married,0,Yes,1,6,3,2,5,No
602,1,3,1,1,Single,0,No,0,1,5,4,0,Yes
1480,3,4,3,2,Single,4,No,0,13,3,2,8,No
111,9,3,3,1,Divorced,1,No,2,12,4,3,12,No
1268,4,3,3,1,Divorced,4,Yes,1,9,3,4,5,No
713,8,3,3,1,Divorced,4,Yes,1,19,3,3,2,No
134,2,3,3,4,Single,0,No,0,4,2,4,3,No
303,2,2,2,4,Single,1,No,0,1,3,2,1,Yes
526,1,2,3,1,Divorced,1,No,3,24,2,3,24,No
1380,9,3,3,4,Single,1,No,0,2,3,3,2,No
140,12,3,3,4,Married,8,Yes,1,7,0,3,4,No
629,27,4,3,2,Single,2,No,0,9,3,3,3,No
1356,20,2,3,2,Single,1,Yes,0,4,5,2,4,Yes
328,1,3,2,3,Married,2,No,1,5,2,2,3,No
1084,13,4,4,1,Divorced,1,No,2,5,3,3,4,No
931,14,4,3,2,Married,1,No,1,8,5,3,8,No
989,4,4,3,3,Married,1,No,1,21,2,3,20,No
692,14,3,4,2,Single,8,No,0,36,3,3,24,No
1069,2,4,2,3,Married,1,No,0,10,2,2,10,No
313,3,4,3,2,Single,3,No,0,21,6,3,7,No
699,1,3,2,3,Married,0,No,1,34,5,3,33,No
894,9,4,3,2,Single,1,No,0,7,2,2,7,No
556,23,2,2,3,Married,3,Yes,0,8,1,3,1,Yes
1344,7,4,4,4,Divorced,4,No,3,7,3,4,5,No
1195,2,1,2,4,Married,9,No,1,22,1,3,20,No
290,21,2,4,1,Married,1,Yes,1,8,3,2,8,No
138,2,2,3,2,Single,5,No,0,10,5,3,6,No
926,21,3,3,3,Divorced,2,No,1,11,5,3,5,No
1261,2,4,3,3,Married,9,No,0,14,3,3,1,No
1084,29,4,3,4,Married,3,No,1,9,3,1,7,No
472,1,3,2,1,Married,5,No,1,6,1,3,2,No
1002,18,4,3,4,Divorced,1,Yes,2,7,0,3,7,No
878,10,4,3,3,Divorced,1,Yes,1,5,4,4,5,No
905,19,3,3,4,Married,8,Yes,1,15,2,4,7,No
1180,29,2,3,1,Married,7,Yes,0,17,2,3,1,Yes
121,27,2,3,4,Married,1,No,3,10,3,2,10,Yes
1136,5,4,4,2,Divorced,1,Yes,1,4,2,2,4,No
635,18,2,3,4,Single,1,No,0,8,2,3,8,No
1151,9,4,2,4,Married,9,No,1,5,5,1,3,No
644,1,4,3,1,Divorced,7,No,1,17,3,3,4,No
1045,4,4,1,4,Married,1,No,0,14,2,2,14,Yes
829,1,3,2,3,Single,1,No,0,12,2,3,11,No
1242,20,4,3,3,Single,1,No,0,7,2,3,7,No
1469,8,2,2,2,Married,5,No,2,16,5,1,10,No
1005,3,4,3,1,Single,5,Yes,0,8,5,3,5,Yes
896,6,4,3,4,Single,3,Yes,0,16,3,3,1,No
334,26,3,2,1,Single,5,No,0,9,5,2,6,Yes
992,1,3,3,3,Single,0,No,0,7,1,2,6,Yes
1052,6,4,2,4,Single,6,No,0,23,2,3,19,No
1147,3,4,3,1,Married,2,No,1,16,4,3,6,No
1396,5,4,3,2,Single,8,No,0,16,3,4,13,No
147,4,3,2,2,Married,6,No,0,7,3,3,3,No
663,11,2,3,4,Divorced,1,Yes,3,10,1,3,10,No
119,3,1,3,3,Divorced,0,No,2,17,6,2,16,No
979,1,3,1,3,Married,0,No,1,6,2,3,5,No
142,3,3,2,4,Married,3,No,1,7,6,3,1,No
319,4,1,3,4,Divorced,4,No,1,13,2,3,9,No
1413,1,2,3,4,Married,1,No,1,11,5,3,11,No
944,1,3,3,3,Single,1,No,0,10,3,4,10,No
896,18,3,2,4,Single,1,Yes,0,4,3,2,4,Yes
1323,2,3,2,4,Single,7,No,0,6,3,2,2,No
532,4,3,3,4,Married,1,No,0,22,3,3,22,No
818,6,2,3,3,Married,8,No,0,7,2,2,2,No
854,1,4,3,4,Divorced,3,No,1,32,3,2,7,No
813,14,3,3,4,Married,5,Yes,1,8,2,1,5,Yes
1034,16,4,3,4,Married,5,Yes,1,22,3,3,17,No
465,2,1,3,1,Married,7,No,0,13,3,4,9,Yes
771,2,1,2,3,Single,1,Yes,0,33,2,4,33,No
1401,4,3,3,2,Married,2,No,1,6,5,3,4,No
515,1,4,2,3,Single,0,Yes,0,4,2,1,3,Yes
1431,1,3,3,3,Divorced,7,No,3,7,1,3,3,No
976,26,3,3,4,Married,0,No,0,4,2,3,3,No
1411,19,3,3,1,Divorced,2,No,2,17,2,2,1,No
1300,24,1,3,4,Divorced,1,No,2,9,3,3,9,No
252,1,3,4,4,Married,0,No,1,25,2,3,24,No
1327,3,2,3,3,Divorced,9,No,1,9,3,3,2,No
832,5,3,2,4,Married,1,No,1,2,2,2,2,No
470,2,4,2,1,Married,6,No,1,13,3,3,11,No
1017,1,3,2,1,Married,2,No,1,17,2,2,3,No
1199,7,1,4,3,Married,4,No,1,9,1,3,3,No
504,10,1,3,3,Divorced,6,No,2,17,5,3,1,Yes
505,2,3,3,3,Single,0,No,0,20,1,3,19,No
665,15,3,3,4,Single,1,No,0,6,1,3,6,No
916,17,4,4,1,Single,3,Yes,0,10,1,3,3,No
1247,20,4,3,4,Divorced,2,No,1,10,2,3,3,No
685,1,1,3,3,Married,0,No,2,5,3,3,4,No
269,2,4,2,1,Divorced,0,Yes,1,10,4,3,9,No
1416,2,1,3,3,Divorced,0,No,1,22,5,3,21,No
833,1,3,3,4,Married,1,No,0,1,0,2,1,No
307,29,3,2,2,Single,0,No,0,6,2,4,5,Yes
1311,7,2,4,2,Married,1,No,0,5,3,1,5,No
1327,2,4,2,4,Married,3,No,1,13,0,3,8,No
128,2,4,2,1,Single,4,No,0,9,5,3,6,No
488,2,3,1,2,Married,3,Yes,1,28,2,2,7,No
529,2,1,3,3,Single,2,No,0,5,5,1,0,Yes
1210,2,1,2,2,Married,2,No,2,10,2,3,0,No
1463,23,2,2,4,Married,0,No,1,10,2,3,9,No
675,5,2,4,1,Divorced,1,No,2,6,2,3,6,No
1385,20,3,3,4,Married,0,Yes,0,21,2,3,20,No
1403,6,4,3,4,Married,0,No,1,16,4,3,15,No
452,1,4,3,1,Single,0,Yes,0,37,2,3,36,No
666,29,1,3,2,Married,1,Yes,1,10,2,2,10,Yes
1158,9,4,3,4,Married,1,No,1,5,3,2,5,No
228,6,3,3,4,Married,4,No,1,7,5,4,5,No
996,3,4,2,3,Single,1,No,0,3,4,4,3,No
728,1,1,3,4,Divorced,2,Yes,2,15,2,3,5,No
1315,22,2,4,2,Divorced,7,No,1,10,6,2,7,No
322,7,1,4,1,Divorced,1,Yes,1,8,3,3,8,No
1479,1,3,3,2,Divorced,1,No,1,6,6,1,6,No
797,4,1,3,2,Divorced,3,No,2,28,4,2,10,No
1070,3,3,3,3,Married,3,Yes,3,21,5,2,5,No
635,1,2,3,3,Married,1,No,0,20,3,3,20,No
442,2,2,3,4,Single,1,No,0,10,3,2,10,No
147,20,2,3,4,Married,3,Yes,1,12,4,3,10,No
496,11,1,3,1,Married,1,Yes,1,5,3,3,5,No
1372,1,4,3,4,Single,1,No,0,17,3,3,17,No
920,24,4,3,3,Divorced,3,Yes,1,19,0,1,1,Yes
688,23,4,3,4,Divorced,9,No,1,10,2,3,2,No
1449,16,1,3,2,Divorced,2,Yes,1,5,2,3,3,Yes
1117,8,4,3,4,Single,1,No,0,5,3,3,5,No
636,10,3,3,1,Single,9,Yes,0,22,4,3,3,No
506,3,3,3,2,Single,4,No,0,10,2,3,8,No
444,5,4,3,2,Divorced,1,No,1,2,5,2,2,No
950,4,4,2,4,Single,1,Yes,0,8,0,3,8,Yes
889,9,2,3,4,Married,1,Yes,3,4,3,2,4,No
555,26,3,3,2,Married,5,No,1,23,2,4,20,No
230,3,3,3,3,Single,1,No,0,0,2,3,0,Yes
1232,16,3,3,2,Married,0,No,2,12,3,2,11,No
566,18,3,4,4,Married,4,No,2,4,2,3,1,No
1302,2,4,1,2,Divorced,5,No,1,13,3,3,4,No
334,2,4,3,2,Single,1,No,0,22,2,3,22,No
812,10,4,2,3,Single,1,No,0,0,2,3,0,No
1476,16,2,4,1,Single,0,No,0,9,2,3,8,No
218,7,2,4,4,Married,4,No,1,10,3,2,8,No
1132,1,3,4,4,Divorced,0,No,3,19,5,2,18,No
1105,24,2,3,2,Married,7,No,1,11,3,3,9,No
906,7,4,2,3,Married,1,No,1,13,3,2,13,No
849,25,1,2,2,Married,3,No,1,19,2,3,10,No
390,1,4,1,3,Divorced,2,Yes,1,12,2,3,5,No
691,5,3,3,4,Married,0,Yes,1,6,4,3,5,No
106,2,1,2,1,Married,3,No,0,9,1,3,2,No
1249,7,1,3,1,Divorced,1,No,1,24,2,3,24,No
192,2,3,3,4,Divorced,0,Yes,1,3,2,1,2,No
553,5,4,3,2,Married,6,No,2,12,2,3,10,No
117,10,3,3,1,Married,1,Yes,0,21,3,3,21,No
185,10,3,3,4,Single,0,No,0,9,5,3,8,No
1091,1,3,2,3,Single,7,Yes,0,25,2,3,7,No
723,8,3,2,2,Married,2,No,0,11,3,2,8,Yes
1220,5,3,3,2,Single,1,Yes,0,4,2,2,4,No
588,8,3,2,2,Married,1,Yes,0,13,2,3,13,No
1377,2,4,3,3,Single,1,Yes,0,5,3,3,5,No
691,7,4,3,4,Divorced,4,No,3,13,3,3,7,No
1018,2,1,4,4,Single,7,No,0,10,0,2,7,No
1157,2,1,1,4,Married,5,Yes,0,5,4,2,3,Yes
1275,28,4,3,4,Married,1,No,2,11,2,3,10,No
798,7,3,2,3,Married,1,No,1,10,2,3,10,No
672,7,3,2,4,Married,1,No,1,21,2,3,21,No
1162,3,4,3,3,Married,4,Yes,0,12,3,2,1,Yes
508,10,2,2,4,Single,3,No,0,9,6,2,7,No
1482,5,4,3,3,Married,4,No,1,21,2,3,3,No
559,10,3,2,3,Divorced,1,No,1,9,3,4,9,No
210,1,3,3,2,Married,0,Yes,1,6,0,3,5,No
928,20,4,3,3,Single,3,No,0,20,4,2,4,No
1001,7,3,3,1,Married,8,No,1,10,1,2,1,No
549,8,4,3,4,Married,9,No,2,12,3,3,10,No
1124,1,2,1,4,Married,2,Yes,3,6,2,2,4,No
318,8,2,1,1,Married,1,Yes,0,7,4,2,7,Yes
738,9,2,2,4,Single,0,No,0,4,2,3,3,No
570,5,4,2,3,Divorced,1,No,3,10,2,3,10,No
1130,8,2,3,2,Married,1,No,1,8,3,3,8,No
1192,5,4,3,4,Divorced,7,No,2,8,2,2,6,No
343,15,3,2,4,Divorced,0,Yes,1,12,3,3,11,No
1232,7,3,3,4,Single,1,Yes,0,11,2,2,11,No
144,10,4,2,2,Divorced,1,Yes,2,7,2,3,7,No
1296,5,3,3,2,Single,0,No,0,17,5,3,16,No
1309,26,3,3,4,Divorced,1,No,2,4,2,2,4,No
483,6,4,2,2,Single,6,Yes,0,8,3,3,5,No
1309,4,2,3,3,Single,3,No,0,5,3,3,0,No
810,23,1,3,4,Single,2,No,0,16,2,3,1,No
746,2,4,3,3,Married,1,No,1,4,3,2,4,No
544,2,3,3,3,Divorced,0,Yes,1,4,5,3,3,No
1062,2,3,3,2,Married,1,No,1,8,4,3,8,No
530,29,1,3,3,Married,3,No,1,15,3,1,0,No
1319,6,3,4,1,Divorced,4,Yes,2,13,2,3,7,No
641,25,4,3,3,Married,7,Yes,1,4,2,4,2,No
933,1,3,3,3,Married,1,No,1,8,3,3,8,No
1332,2,1,2,4,Single,3,No,0,14,6,3,1,No
756,1,1,2,2,Single,1,Yes,0,3,3,3,3,Yes
845,1,4,3,4,Single,4,No,0,7,6,3,1,No
541,3,1,2,4,Married,4,No,1,16,2,3,13,No
593,1,4,3,3,Married,2,No,0,15,2,3,3,No
1171,10,4,4,3,Married,3,Yes,1,10,3,3,7,No
895,9,1,3,4,Single,1,No,0,3,3,2,3,No
350,5,4,3,3,Single,1,Yes,0,1,2,3,1,Yes
921,10,3,3,1,Married,6,No,1,17,3,3,5,No
1144,7,3,3,3,Married,2,No,0,7,2,4,1,No
143,4,1,3,2,Single,1,No,0,8,5,3,8,Yes
1046,10,4,2,4,Single,6,No,0,20,2,3,4,No
575,22,3,2,3,Married,2,Yes,2,8,6,3,6,Yes
408,9,3,2,2,Single,0,Yes,0,3,5,3,2,No
156,12,3,4,2,Single,1,No,0,1,0,3,1,Yes
1283,23,4,3,4,Single,9,No,0,6,4,3,3,No
755,9,3,2,2,Single,9,No,0,10,5,3,1,No
1469,1,4,3,2,Divorced,1,No,1,5,2,3,5,No
304,9,2,3,4,Single,1,No,0,7,1,3,7,No
1261,7,2,2,3,Single,8,No,0,26,2,3,5,No
1178,14,3,3,4,Married,4,No,1,18,2,2,7,No
329,2,4,3,3,Married,4,No,1,6,3,3,2,No
1362,19,1,4,4,Single,8,Yes,0,9,3,2,5,Yes
1311,2,3,3,4,Single,2,Yes,0,30,2,3,5,No
1371,10,4,3,3,Divorced,1,Yes,1,5,2,4,5,No
202,2,3,3,2,Married,1,No,1,1,3,3,1,No
575,3,3,3,1,Single,0,No,0,7,2,3,6,Yes
253,11,1,3,2,Married,1,No,1,2,1,3,2,No
164,2,2,2,3,Married,1,No,2,10,2,3,10,No
464,4,3,3,4,Single,9,Yes,0,3,4,3,1,Yes
1107,14,4,3,1,Divorced,1,No,1,18,2,2,18,No
759,2,4,3,2,Divorced,7,No,2,8,5,3,5,No
201,1,2,3,1,Divorced,3,No,1,8,5,3,5,No
1305,10,3,3,2,Single,2,Yes,0,18,2,2,1,No
982,12,1,2,2,Divorced,1,No,1,25,3,3,25,No
555,2,2,2,3,Married,6,No,1,20,3,3,1,No
821,5,1,3,1,Married,4,No,1,24,4,2,4,No
1381,4,3,3,3,Married,9,No,1,6,3,3,3,No
480,7,2,3,1,Married,1,No,1,13,5,1,13,No
313,21,4,3,4,Married,7,No,1,8,1,3,3,No
1473,8,3,3,3,Divorced,4,Yes,0,8,3,3,5,No
891,4,2,2,4,Single,1,Yes,0,5,3,3,5,No
1063,25,2,3,3,Married,3,Yes,2,15,2,3,13,No
329,1,4,2,1,Married,1,No,1,4,3,3,4,No
1218,1,2,3,3,Divorced,1,Yes,1,21,3,3,21,No
906,6,3,4,1,Married,9,No,3,36,0,2,7,No
1082,12,2,3,3,Single,0,No,0,6,6,3,5,No
645,1,2,4,1,Married,1,No,1,10,2,3,10,No
1300,17,3,3,1,Divorced,1,No,1,10,2,3,10,No
688,3,1,3,1,Married,5,No,1,6,5,3,2,Yes
319,3,4,2,3,Married,2,Yes,0,28,4,3,5,No
192,10,1,3,4,Married,3,No,2,8,3,2,2,No
1490,4,4,3,4,Married,2,No,0,31,2,1,5,No
532,29,1,3,3,Divorced,2,No,1,19,3,3,5,No
317,2,3,1,4,Single,2,No,0,11,2,3,5,No
422,7,1,3,1,Married,5,No,0,33,5,1,29,No
1485,18,3,3,3,Divorced,2,No,1,19,5,2,10,No
1368,28,4,2,4,Married,0,No,3,7,4,4,6,No
1448,1,1,3,2,Single,1,Yes,0,6,4,3,5,Yes
296,6,4,1,3,Divorced,0,No,1,3,3,2,2,Yes
1490,2,4,3,4,Married,1,Yes,1,1,3,3,1,No
1398,2,3,3,3,Married,0,No,0,21,2,3,20,No
1349,23,1,3,4,Divorced,1,No,2,3,3,1,3,No
1400,3,3,3,4,Married,4,No,1,9,3,1,5,No
986,3,2,2,3,Married,1,No,0,10,2,3,10,No
408,25,3,2,2,Married,5,No,0,6,2,4,2,Yes
489,2,1,2,4,Single,1,No,0,1,3,4,1,Yes
1398,22,3,3,1,Married,0,No,0,10,3,3,9,No
210,29,1,2,4,Divorced,3,No,1,32,3,2,1,No
1099,29,2,2,3,Married,0,No,1,28,2,3,27,No
1116,2,3,3,4,Single,0,No,0,12,2,2,11,No
1499,28,3,2,1,Married,4,No,0,22,5,4,18,No
983,2,1,3,4,Divorced,5,No,3,20,2,3,5,No
1009,2,1,3,3,Married,6,No,0,26,2,1,3,No
144,22,4,1,3,Single,0,No,0,6,2,3,5,No
548,8,3,3,3,Single,7,No,0,19,3,3,1,No
1303,2,4,2,3,Divorced,3,No,1,14,3,3,7,No
1125,10,3,2,4,Married,2,Yes,1,15,3,3,3,No
1274,9,3,3,2,Divorced,1,No,1,13,6,4,13,No
1277,15,2,3,3,Married,7,Yes,0,15,2,4,7,Yes
587,10,1,1,4,Divorced,7,No,3,8,2,3,4,Yes
413,7,4,3,2,Single,0,No,0,4,3,3,3,No
1276,16,4,3,3,Married,4,Yes,0,10,2,3,8,No
534,20,1,3,3,Married,3,No,0,12,2,3,1,Yes
988,23,2,3,1,Divorced,9,Yes,3,11,2,3,3,Yes
1474,5,2,3,3,Married,4,No,1,8,4,3,2,No
635,10,2,3,4,Single,1,No,0,10,3,2,10,No
1368,4,3,2,3,Single,5,No,0,4,3,3,2,Yes
163,2,2,3,4,Married,2,No,1,14,2,3,9,No
1117,18,1,3,2,Single,3,No,0,37,2,3,10,No
267,10,4,3,4,Single,7,No,0,16,3,3,14,No
619,1,2,3,3,Married,9,No,0,15,2,3,11,No
302,6,2,3,3,Single,7,No,0,22,3,3,20,No
443,8,3,3,3,Married,1,No,1,8,3,3,8,No
828,2,2,3,4,Single,4,Yes,0,10,2,4,6,No
319,24,4,3,1,Married,1,Yes,1,10,5,2,10,No
561,2,4,3,2,Married,0,No,1,9,3,4,8,No
426,17,2,3,3,Divorced,0,Yes,1,8,2,2,7,Yes
232,19,4,3,4,Divorced,4,No,2,8,2,4,3,No
922,1,1,4,3,Divorced,4,No,1,10,2,3,6,No
688,7,3,2,4,Divorced,9,No,1,10,3,2,5,No
1306,5,2,3,2,Single,1,Yes,0,0,3,3,0,Yes
1094,28,3,1,1,Divorced,3,No,1,20,2,3,1,No
509,2,1,2,3,Single,2,Yes,0,10,3,3,8,No
775,29,1,3,3,Divorced,5,No,2,8,5,3,0,No
195,1,1,3,3,Single,1,No,0,5,3,3,5,No
258,21,4,4,4,Single,1,No,0,10,3,3,10,No
471,24,3,1,4,Single,1,Yes,0,1,3,1,1,Yes
799,1,2,3,4,Single,4,No,0,12,3,4,6,No
1034,18,1,3,3,Married,5,No,0,28,3,2,2,No
1276,2,2,3,1,Married,7,No,1,22,2,3,18,No
142,9,1,3,2,Divorced,1,No,1,9,6,3,9,No
956,6,4,3,1,Divorced,3,Yes,2,18,3,3,10,No
1474,11,4,4,3,Married,8,No,0,6,2,3,4,Yes
535,24,4,3,4,Married,0,No,2,3,3,3,2,No
1495,10,3,3,3,Married,3,No,1,18,4,3,1,No
446,1,2,3,2,Married,6,No,1,8,2,2,6,No
1245,18,4,2,3,Divorced,1,Yes,1,31,5,3,31,No
691,23,2,4,4,Married,1,Yes,2,6,3,3,6,No
703,28,1,3,2,Married,1,No,2,6,5,4,5,No
823,17,4,2,2,Married,1,No,1,1,2,3,1,No
1246,3,1,3,2,Married,1,No,1,32,2,3,32,No
622,13,2,3,3,Married,1,No,0,7,1,3,7,No
1287,7,1,3,3,Married,1,Yes,1,6,4,3,6,Yes
448,12,2,2,1,Married,1,No,1,1,2,4,1,Yes
254,1,2,2,4,Married,1,Yes,1,6,3,3,6,No
1365,13,2,3,1,Divorced,2,No,0,9,2,1,3,Yes
538,25,1,2,4,Single,4,No,0,9,3,3,3,No
525,6,1,4,4,Divorced,4,No,2,13,4,4,7,No
798,6,1,2,3,Divorced,0,No,2,6,5,2,5,No
558,2,4,3,3,Married,4,Yes,1,17,3,2,3,No
959,1,4,2,2,Single,1,No,0,1,0,4,1,No
622,2,3,3,4,Married,1,No,2,10,4,3,10,No
782,6,2,2,4,Divorced,4,Yes,1,21,3,2,1,No
362,1,3,3,1,Single,3,No,0,8,3,2,0,No
1001,9,4,3,3,Divorced,3,Yes,1,10,3,3,8,No
1236,1,4,2,1,Married,7,No,1,21,3,1,3,No
1112,1,1,2,3,Single,4,No,0,10,1,4,2,No
204,14,3,3,3,Divorced,1,Yes,2,8,3,3,8,No
1420,2,3,3,1,Divorced,0,No,1,5,3,3,4,Yes
1343,22,3,3,3,Single,1,No,0,3,2,3,3,No
1315,3,4,3,4,Married,4,Yes,1,26,2,4,2,No
604,6,1,3,3,Married,0,No,0,3,3,3,2,No
1216,8,3,3,3,Divorced,0,No,0,6,3,3,5,No
646,9,1,3,4,Married,1,Yes,1,6,2,2,6,No
160,3,3,3,3,Divorced,1,No,1,1,2,3,1,No
238,1,4,3,1,Single,7,No,0,18,2,4,14,No
1397,1,2,3,4,Married,1,No,1,10,4,2,10,No
306,26,1,3,1,Married,2,No,2,5,4,3,1,Yes
991,6,3,3,4,Married,1,Yes,1,3,2,3,3,No
482,3,3,3,3,Married,1,No,1,10,2,3,10,No
1176,3,2,3,3,Married,1,No,1,6,5,2,6,No
1017,6,2,1,4,Single,1,No,0,17,3,3,17,No
1296,6,3,3,4,Divorced,3,No,1,15,2,1,13,No
397,19,3,3,2,Married,2,No,1,16,1,4,9,No
913,9,2,2,2,Divorced,2,Yes,1,13,2,3,3,No
1115,3,1,2,4,Single,0,No,0,5,0,3,4,No
1362,10,4,3,3,Single,1,Yes,0,1,5,3,1,Yes
1076,3,1,3,1,Single,1,Yes,0,10,3,3,10,Yes
727,3,3,2,3,Married,1,No,2,1,3,3,1,No
885,4,1,4,1,Married,2,No,1,5,3,4,3,No
810,8,4,4,2,Married,0,No,1,4,4,3,3,No
243,7,4,2,4,Single,0,No,0,8,2,3,7,No
806,1,2,1,4,Divorced,1,No,1,10,5,3,10,No
817,2,2,4,2,Married,3,No,0,12,3,3,2,No
1410,3,4,4,4,Divorced,1,Yes,2,6,3,3,6,No
1225,10,4,4,4,Single,3,No,0,4,2,3,1,No
1207,28,4,4,3,Married,1,Yes,3,20,3,3,20,No
1442,9,4,2,2,Single,1,No,0,9,3,4,8,No
693,3,1,3,3,Single,9,No,0,4,3,3,2,Yes
408,2,4,2,3,Single,1,No,0,20,4,3,20,No
929,10,4,3,4,Single,1,No,0,10,2,2,10,No
562,8,2,3,3,Married,3,Yes,1,18,4,3,4,Yes
827,1,2,4,4,Single,0,No,0,10,4,2,9,No
608,1,3,3,1,Married,1,No,0,9,3,3,9,No
1018,3,3,3,4,Single,3,No,0,10,6,3,7,No
703,14,4,3,1,Single,2,No,0,20,2,3,7,No
580,5,4,2,1,Married,5,Yes,1,20,2,3,18,No
970,7,3,4,3,Married,3,No,0,32,3,3,5,No
427,10,2,2,4,Divorced,3,No,3,23,2,2,21,No
1179,16,1,3,1,Single,8,No,0,10,1,3,2,No
294,10,4,3,1,Divorced,1,No,2,9,4,2,9,No
314,1,4,2,3,Married,1,No,1,22,3,3,22,No
316,8,4,3,2,Married,7,No,1,4,2,3,2,No
654,1,1,1,2,Single,7,Yes,0,10,4,3,7,Yes
427,8,1,4,1,Married,9,No,1,10,2,3,8,No
168,1,3,3,3,Single,4,Yes,0,10,4,4,1,No
381,24,1,1,3,Single,2,No,0,9,5,3,5,No
217,3,4,3,3,Divorced,9,Yes,2,28,2,2,22,No
501,27,3,3,4,Divorced,7,No,1,10,2,2,8,No
1396,10,3,3,3,Single,1,No,0,1,6,3,1,No
933,19,3,4,3,Divorced,6,Yes,0,7,2,3,2,Yes
775,15,4,2,4,Married,3,No,1,7,5,3,2,No
970,8,2,3,3,Single,3,No,0,10,2,3,5,No
650,9,2,3,1,Married,1,No,1,5,2,4,4,No
141,3,3,4,2,Married,9,No,1,12,3,1,8,No
832,9,3,3,4,Married,7,No,0,30,1,2,10,No
804,2,4,2,4,Single,0,Yes,0,5,2,2,4,No
975,7,4,2,1,Single,8,No,0,9,2,1,7,No
1090,10,4,3,2,Divorced,1,No,2,2,2,3,2,No
346,6,4,3,4,Single,2,No,0,19,4,3,2,No
1225,2,4,3,1,Divorced,2,No,1,16,2,4,1,No
430,24,1,3,4,Married,1,No,2,10,2,3,10,No
268,2,4,3,3,Married,6,Yes,1,6,0,1,1,No
167,8,2,3,1,Divorced,3,No,1,7,3,3,0,No
621,3,3,2,1,Married,1,No,0,34,3,4,34,No
527,1,4,3,4,Single,1,Yes,0,10,2,2,10,Yes
883,26,3,3,4,Single,1,No,0,6,5,2,6,No
954,2,2,1,3,Single,0,No,0,9,3,3,8,No
310,10,1,4,3,Single,1,No,0,2,3,3,2,No
719,27,2,4,3,Single,4,Yes,0,8,2,3,5,Yes
304,2,4,3,4,Single,1,No,0,6,5,3,6,No
725,2,4,3,1,Married,5,Yes,1,24,2,3,5,Yes
1434,8,1,2,1,Single,1,No,0,10,1,3,10,No
715,19,4,3,4,Married,0,No,1,5,3,3,4,No
575,1,1,1,4,Divorced,3,No,1,5,2,3,2,No
657,27,2,3,3,Married,4,No,1,11,3,2,8,No
1146,8,4,2,1,Single,6,No,0,6,2,2,4,Yes
182,1,2,4,4,Single,2,No,0,10,2,3,4,No
376,19,4,3,1,Divorced,9,Yes,2,9,4,3,5,No
829,8,3,3,4,Married,0,No,1,5,3,3,4,No
571,10,4,3,1,Divorced,0,Yes,2,6,3,2,5,No
240,2,1,4,1,Single,6,Yes,0,17,2,3,15,No
121,2,3,2,1,Single,1,No,0,6,3,3,6,No
384,8,1,3,4,Married,1,No,1,3,1,2,3,No
921,1,4,1,3,Married,3,No,2,7,2,3,2,No
791,2,3,4,2,Married,1,No,1,8,2,3,8,No
1111,8,3,3,1,Married,5,No,1,6,1,3,3,No
570,8,2,3,4,Divorced,1,No,1,24,4,2,24,No
1243,6,3,4,1,Married,1,Yes,2,1,2,3,0,Yes
1092,9,3,2,2,Divorced,1,No,3,1,4,3,1,No
1325,11,4,3,3,Married,8,No,1,9,3,3,5,No
691,2,3,3,3,Married,5,No,0,30,3,3,4,No
805,1,2,2,1,Married,1,Yes,1,1,1,3,1,Yes
213,7,3,3,3,Married,0,No,0,14,3,4,13,No
118,16,1,3,1,Single,5,No,0,6,3,3,3,Yes
202,2,3,3,4,Married,1,Yes,1,26,3,2,26,No
676,1,3,3,2,Married,0,No,1,10,2,3,9,No
1252,23,3,4,3,Married,1,No,1,10,3,3,10,No
286,2,4,3,2,Single,7,Yes,0,40,2,3,31,Yes
1258,1,4,4,3,Single,3,No,0,7,0,3,2,No
932,1,4,2,4,Married,9,Yes,1,8,4,3,4,No
890,2,3,3,3,Single,6,No,0,5,3,2,2,Yes
1041,13,3,3,2,Married,4,No,1,8,2,3,5,No
859,4,3,2,3,Married,1,No,1,14,3,3,14,No
720,16,1,2,3,Single,6,No,0,10,6,3,1,No
946,2,3,2,4,Single,5,Yes,0,12,4,2,0,No
252,2,2,2,3,Single,1,No,0,1,3,3,1,No
933,29,2,3,2,Married,1,No,1,10,3,2,9,No
471,12,1,2,1,Divorced,2,No,1,13,3,2,4,No
702,16,3,2,4,Single,1,No,0,6,3,3,5,No
1184,11,3,3,4,Married,1,No,2,9,3,4,9,Yes
436,2,3,3,4,Single,4,No,0,12,3,2,9,Yes
589,14,2,3,1,Married,6,No,1,22,3,3,4,No
269,5,3,2,4,Divorced,1,Yes,1,9,3,3,9,No
950,7,3,3,3,Single,3,No,0,17,3,4,8,No
760,2,2,3,2,Married,1,Yes,0,8,2,3,8,No
829,3,3,3,4,Married,0,No,1,4,1,1,3,No
887,5,3,2,3,Married,1,Yes,1,8,2,3,8,Yes
443,3,4,3,4,Married,1,No,3,0,6,2,0,No
1318,26,1,3,3,Married,2,No,1,29,2,2,20,No
625,4,4,3,2,Single,9,No,0,10,2,2,5,No
180,2,1,4,1,Single,7,No,0,6,3,2,4,No
586,1,1,4,1,Divorced,1,No,1,9,5,3,9,No
1343,27,3,2,1,Single,1,No,0,6,3,2,6,No
928,1,2,3,4,Married,1,Yes,1,18,1,2,18,No
117,13,2,3,4,Divorced,2,No,1,8,3,2,5,No
1012,5,2,2,4,Divorced,9,No,1,10,3,2,5,No
661,7,1,2,4,Married,7,Yes,1,35,3,3,5,No
930,9,4,3,1,Divorced,4,Yes,1,18,2,3,5,No
638,8,3,4,3,Married,5,No,1,9,3,2,5,No
890,25,3,2,4,Married,3,No,0,31,3,3,9,No
342,16,4,2,3,Divorced,4,No,2,9,2,3,1,No
1169,8,2,2,4,Divorced,1,No,1,6,6,3,5,No
1230,1,4,2,4,Married,6,No,2,4,2,1,2,No
986,8,1,4,4,Married,2,Yes,1,10,2,2,3,No
1271,2,2,3,4,Single,5,Yes,0,8,2,3,2,No
1278,8,1,2,1,Married,0,No,0,6,3,3,5,No
141,3,3,3,1,Married,1,Yes,0,5,3,3,5,No
607,9,4,2,3,Married,1,Yes,1,17,2,3,17,No
130,25,4,3,2,Divorced,1,Yes,1,10,3,2,10,Yes
300,1,4,3,4,Divorced,0,No,1,4,2,3,3,No
583,4,3,2,1,Married,1,No,0,5,1,4,5,No
1418,1,3,3,1,Married,2,No,1,7,2,3,4,No
1269,4,1,2,4,Married,0,No,0,6,2,2,5,No
379,5,2,3,2,Married,1,No,1,10,3,3,10,No
395,9,2,2,2,Married,0,No,1,3,3,3,2,No
1265,3,3,4,4,Married,2,Yes,1,17,1,2,5,No
1222,11,4,3,4,Married,3,Yes,1,8,2,3,6,No
341,1,2,2,3,Divorced,6,Yes,3,5,3,3,3,Yes
868,8,1,3,4,Married,5,No,1,28,3,3,2,No
672,25,4,2,2,Married,3,No,0,16,2,3,13,No
1231,21,3,3,4,Married,5,No,1,10,3,3,5,No
102,23,4,3,4,Single,6,No,0,33,0,3,12,No
422,1,4,3,4,Married,4,No,1,12,2,2,5,No
249,2,3,3,4,Married,0,Yes,1,8,2,3,7,No
1252,19,1,3,2,Single,1,Yes,0,10,2,3,10,No
881,2,1,3,1,Divorced,1,No,1,31,3,3,31,No
1383,2,4,2,4,Married,8,No,2,13,2,3,5,No
1075,3,4,3,2,Divorced,3,Yes,1,7,4,4,4,No
374,25,1,3,4,Single,1,Yes,0,1,2,1,1,Yes
1086,7,1,2,4,Divorced,6,No,3,8,5,3,4,No
661,9,2,3,1,Married,1,Yes,0,8,0,3,8,No
821,5,1,3,4,Single,1,No,0,4,3,3,4,No
781,2,4,2,4,Divorced,9,Yes,1,3,3,2,1,Yes
177,8,1,3,2,Divorced,4,No,1,4,2,4,1,No
500,2,3,2,3,Single,1,No,0,2,3,2,2,Yes
1427,18,4,3,4,Single,1,No,0,1,3,2,1,Yes
1425,14,3,3,4,Married,0,Yes,1,17,2,2,16,No
1454,2,4,2,4,Single,1,Yes,0,3,3,2,3,No
617,3,2,3,3,Married,0,Yes,1,4,3,4,3,Yes
1085,2,2,1,4,Divorced,4,Yes,1,10,1,2,7,Yes
995,9,3,3,3,Divorced,5,No,1,6,2,3,2,No
1122,6,4,3,1,Married,7,Yes,0,8,2,1,2,Yes
618,4,2,3,3,Single,1,No,0,1,2,3,1,No
546,10,2,3,2,Divorced,1,No,2,1,3,3,1,No
462,14,3,2,3,Single,7,No,0,10,6,3,5,No
1198,1,3,2,1,Single,3,Yes,0,6,1,3,3,No
1272,5,3,2,2,Divorced,2,Yes,1,24,3,3,6,No
154,7,2,2,3,Married,3,No,0,13,2,4,7,No
1137,21,4,3,4,Married,1,Yes,1,10,2,1,10,No
527,8,1,3,2,Married,4,No,1,29,3,2,26,No
1469,20,4,3,3,Married,4,No,2,13,2,2,0,No
1188,20,4,3,3,Married,1,No,1,9,2,2,9,No
188,7,2,3,4,Single,2,No,0,8,6,3,6,No
1333,1,4,3,1,Married,1,No,1,15,3,3,15,No
1184,1,3,2,2,Married,6,No,0,5,3,3,3,No
867,19,3,2,2,Married,1,Yes,3,1,2,3,1,Yes
658,10,1,2,2,Divorced,2,No,1,11,2,2,1,No
1283,1,3,2,1,Single,1,No,0,7,2,3,7,No
263,6,4,3,1,Single,2,Yes,0,20,3,3,18,No
938,2,3,3,3,Single,4,No,0,16,6,3,11,No
419,21,4,2,2,Single,1,Yes,0,1,3,4,1,Yes
129,4,1,3,1,Single,1,No,0,1,2,3,1,Yes
616,12,4,3,4,Married,0,Yes,2,10,2,1,9,No
1469,9,4,3,2,Divorced,8,Yes,1,3,2,3,1,No
498,3,3,3,1,Married,1,No,1,8,2,4,8,No
530,3,3,2,4,Married,1,Yes,1,16,6,3,16,Yes
1069,1,2,2,4,Single,0,No,0,6,3,3,5,No
625,1,1,2,3,Married,5,No,0,17,2,1,14,Yes
805,4,3,3,2,Married,1,No,0,9,5,2,9,No
1404,20,3,3,4,Married,1,No,1,3,5,3,3,No
1219,18,3,3,3,Married,1,No,0,5,3,3,5,No
1053,1,4,3,4,Married,2,No,1,26,2,2,9,No
289,2,4,3,3,Single,4,No,0,7,4,3,1,Yes
1376,2,3,3,3,Divorced,6,No,1,22,3,4,17,No
231,8,3,3,3,Divorced,5,No,1,10,2,4,8,No
152,10,3,3,4,Single,1,Yes,0,6,1,3,5,No
882,3,4,3,4,Divorced,6,No,1,12,2,3,10,No
903,2,1,4,3,Single,0,No,0,9,3,3,8,No
1479,24,2,4,2,Single,4,Yes,0,22,2,2,1,Yes
1379,16,3,4,3,Divorced,1,Yes,0,20,3,4,19,No
1229,8,1,3,4,Divorced,4,No,2,12,3,3,7,No
335,9,3,2,1,Single,0,Yes,0,4,0,3,3,Yes
722,17,4,3,3,Single,1,No,0,10,2,3,10,No
906,10,4,2,1,Single,6,Yes,0,3,5,3,0,Yes
461,13,2,3,4,Single,3,No,0,5,4,3,3,No
974,1,4,3,4,Divorced,3,No,2,8,2,3,5,No
1126,1,4,3,4,Divorced,9,No,1,32,1,2,5,No
827,1,3,4,2,Married,1,Yes,1,6,2,3,6,No
840,9,1,3,3,Divorced,2,No,1,21,2,4,18,No
1134,16,3,3,2,Married,9,No,1,4,2,3,2,No
248,23,4,3,1,Married,1,Yes,1,9,2,3,9,No
955,4,4,3,4,Single,1,Yes,0,9,0,3,9,No
138,22,1,3,3,Married,4,Yes,0,7,2,3,5,Yes
939,24,4,3,3,Married,3,Yes,1,22,2,3,12,No
1391,10,3,3,3,Married,0,No,1,3,0,2,2,No
566,7,4,3,3,Divorced,6,No,1,13,3,3,8,No
1206,17,4,2,3,Divorced,1,No,2,5,6,3,4,No
622,14,3,2,2,Divorced,1,Yes,1,5,2,1,4,Yes
853,1,3,3,1,Married,1,No,1,4,1,3,4,No
287,5,2,3,4,Single,1,No,0,0,2,3,0,No
1441,17,3,3,3,Married,8,No,1,22,2,3,10,No
583,25,3,3,3,Divorced,1,Yes,1,16,3,2,16,No
153,8,2,4,1,Married,0,Yes,3,9,4,2,8,No
1097,11,4,2,1,Single,1,Yes,0,1,2,3,1,Yes
109,5,2,3,2,Single,0,No,0,4,3,3,3,Yes
1066,2,4,4,4,Married,1,No,0,8,2,3,8,No
217,8,2,1,1,Married,1,No,1,4,3,2,4,No
277,6,1,2,3,Single,2,No,0,19,0,3,2,No
1355,4,3,2,3,Single,7,No,0,27,3,3,15,No
549,7,4,3,3,Single,6,No,0,8,6,3,2,No
466,1,4,2,4,Married,1,No,1,21,3,3,21,No
1055,2,1,3,4,Married,0,No,1,4,2,3,3,No
802,10,2,3,4,Divorced,1,No,1,3,4,2,3,No
265,5,4,3,3,Married,6,No,0,21,3,4,1,No
804,9,1,3,4,Married,4,No,0,8,5,3,1,No
715,2,3,2,4,Single,3,Yes,0,30,4,3,5,No
1141,11,1,1,2,Married,5,No,0,15,2,1,1,Yes
135,18,3,3,2,Married,3,Yes,2,17,3,3,8,No
247,7,2,1,3,Divorced,1,No,2,21,3,3,21,No
1035,3,2,3,4,Single,8,Yes,0,19,1,3,1,No
265,29,2,1,1,Single,8,No,0,7,6,3,2,Yes
266,2,1,1,4,Married,1,No,1,33,3,3,32,Yes
1448,28,4,4,4,Married,3,Yes,1,23,2,3,12,No
145,1,4,3,3,Married,0,No,1,19,3,3,18,No
885,16,3,4,1,Single,1,No,0,18,1,3,17,Yes
945,22,4,3,1,Single,1,Yes,0,21,2,3,21,No
1038,8,2,2,4,Single,0,No,0,3,2,2,2,No
1234,11,4,3,4,Married,3,No,1,26,4,4,9,No
1109,29,4,3,3,Single,9,No,0,10,2,3,8,No
216,1,2,4,4,Divorced,0,No,1,16,2,2,15,No
1089,1,2,3,4,Married,3,Yes,1,14,1,1,6,No
788,24,2,3,2,Single,1,No,0,6,3,3,6,No
124,2,3,2,2,Married,2,No,1,30,2,3,15,No
660,15,1,3,3,Divorced,7,No,1,9,3,2,1,Yes
342,2,1,3,1,Married,6,Yes,1,6,2,3,3,Yes
1333,10,3,3,3,Married,1,Yes,1,1,2,3,1,No
1144,10,4,3,2,Married,1,No,0,1,5,3,1,No
1186,3,3,3,3,Married,3,No,1,8,2,3,2,No
1464,2,2,3,3,Married,2,Yes,1,29,2,2,8,No
124,3,4,3,2,Single,3,No,0,8,3,2,4,No
300,26,3,3,1,Married,1,No,1,8,3,2,7,No
921,1,1,2,3,Divorced,1,No,2,5,5,3,5,No
430,1,4,3,4,Divorced,9,No,2,23,0,3,2,No
1082,2,3,2,3,Married,6,No,1,13,4,3,9,No
1240,9,1,3,3,Married,2,No,1,18,4,3,5,No
796,12,4,2,4,Single,0,No,0,15,2,2,14,No
444,2,3,2,1,Single,7,No,0,31,3,4,9,No
415,25,3,2,4,Divorced,5,No,1,18,5,3,1,No
769,9,4,3,4,Single,1,Yes,0,2,3,3,2,Yes
1334,10,3,2,1,Single,1,No,0,1,6,2,1,Yes
1003,8,4,2,1,Divorced,8,Yes,3,19,2,3,16,No
1323,4,1,3,3,Married,9,Yes,3,18,2,4,10,Yes
1366,24,2,2,1,Single,1,No,0,10,2,2,10,Yes
192,1,1,2,1,Married,1,No,2,6,2,3,5,No
1176,20,3,3,1,Married,0,No,1,7,1,2,6,No
509,7,2,4,3,Married,1,No,0,10,3,3,10,No
330,17,3,2,3,Married,0,No,1,20,4,2,19,No
1492,20,1,3,4,Married,4,No,1,14,6,3,11,No
1277,8,1,1,3,Married,1,No,3,3,4,3,3,No
1091,2,4,3,2,Married,3,No,1,23,4,3,3,No
857,10,3,3,3,Single,3,No,0,10,4,4,8,No
1376,1,2,2,1,Married,9,No,1,24,1,3,20,Yes
654,5,4,2,4,Divorced,4,No,1,9,2,3,3,No
1204,4,4,3,1,Single,0,Yes,0,9,2,3,8,Yes
827,29,1,2,3,Single,1,No,0,14,4,3,13,Yes
895,15,1,3,3,Divorced,1,No,1,4,5,2,4,No
618,3,1,3,4,Single,0,No,0,7,1,2,6,No
309,10,4,2,4,Divorced,2,Yes,3,8,5,3,1,No
1219,4,4,3,4,Married,1,Yes,1,7,3,4,7,Yes
1330,21,1,3,3,Divorced,1,No,1,1,0,2,1,Yes
1017,25,1,2,2,Single,4,Yes,0,5,0,3,2,Yes
469,2,4,3,1,Married,0,No,1,23,3,3,22,No
1009,1,1,2,2,Divorced,1,No,2,1,2,3,1,Yes
959,1,4,3,3,Single,3,Yes,0,5,4,3,0,Yes
970,7,4,3,2,Married,0,No,1,4,3,3,3,No
697,3,3,2,4,Married,3,No,3,6,2,3,0,No
1262,1,1,4,4,Single,2,No,0,27,3,2,5,No
1050,9,2,2,3,Married,1,No,1,15,2,3,15,No
994,7,2,3,2,Single,7,No,0,18,4,3,8,No
770,10,3,2,3,Divorced,0,Yes,2,9,2,3,8,No
1107,28,3,3,4,Divorced,4,No,1,11,1,3,7,No
950,3,4,3,2,Divorced,0,No,3,10,3,2,9,No
406,3,1,3,3,Married,3,No,1,23,3,3,12,No
130,2,4,3,2,Single,7,No,0,10,2,3,1,No
1082,27,3,3,1,Married,8,No,1,18,1,3,8,No
203,2,1,3,4,Divorced,7,No,3,21,4,3,18,Yes
1308,14,3,2,3,Single,1,No,0,21,2,4,20,No
984,1,4,2,2,Single,1,Yes,0,2,6,4,2,No
439,9,3,3,2,Single,9,No,0,9,2,2,5,No
217,18,1,3,4,Single,2,No,0,18,0,3,11,No
793,20,3,4,4,Married,0,No,1,3,4,3,2,No
1451,2,1,2,2,Married,0,No,0,6,2,1,5,No
1182,11,4,3,4,Divorced,1,No,1,5,3,3,5,No
174,8,4,2,2,Married,6,No,1,22,3,3,9,No
1003,2,4,3,3,Single,2,No,0,5,3,2,3,No
490,10,4,3,2,Divorced,0,No,2,8,2,2,7,No
188,29,2,1,4,Single,4,No,0,16,3,3,1,No
718,8,2,2,4,Married,1,Yes,1,10,2,2,10,No
433,1,3,4,3,Married,1,No,1,7,2,4,7,No
773,6,3,2,3,Divorced,1,Yes,1,3,2,3,3,No
247,8,3,3,3,Single,1,No,0,0,0,3,0,Yes
603,9,1,3,1,Single,0,Yes,0,6,3,3,5,Yes
167,12,2,3,4,Married,3,Yes,1,6,4,3,1,No
874,15,3,3,3,Married,1,No,1,2,5,2,2,Yes
367,25,3,2,4,Divorced,7,No,2,9,2,3,6,No
199,6,4,2,3,Married,1,No,1,4,0,3,4,No
1400,9,2,3,3,Married,1,No,0,6,3,2,6,No
528,8,3,3,3,Single,1,No,0,6,2,1,5,No
408,23,4,2,1,Married,1,No,1,11,3,1,11,Yes
593,9,2,3,3,Single,9,No,0,20,3,2,18,No
481,12,3,3,1,Single,0,Yes,0,22,2,2,21,Yes
647,4,2,3,1,Single,7,No,0,9,3,4,6,No
982,1,4,2,3,Married,6,No,1,10,2,3,8,No
477,24,4,3,2,Single,8,No,0,6,2,3,4,No
1485,12,3,3,4,Married,1,Yes,0,1,4,2,1,Yes
1384,3,1,4,4,Married,1,No,1,8,2,3,8,No
852,10,3,2,3,Married,1,No,1,10,3,3,10,No
902,26,3,2,4,Married,3,Yes,1,16,3,1,1,No
819,2,3,2,2,Divorced,2,No,1,15,2,4,7,No
669,1,4,2,1,Single,0,No,0,14,3,3,13,No
636,4,4,2,4,Married,1,No,1,2,2,4,2,No
1372,9,1,1,3,Single,8,No,0,7,2,2,4,Yes
862,2,3,3,1,Divorced,1,No,3,1,3,3,1,No
718,4,4,3,1,Divorced,4,No,1,28,2,3,5,No
1401,6,2,3,4,Married,1,No,1,10,5,3,10,No
645,9,3,3,1,Single,1,No,0,1,4,3,1,No
1457,7,1,3,3,Married,4,Yes,1,7,2,2,3,No
977,1,4,2,4,Married,1,No,1,14,2,2,14,No
805,3,1,2,3,Single,1,No,0,2,2,2,2,No
1097,10,3,3,3,Single,1,Yes,0,6,4,3,6,Yes
1223,7,4,3,3,Divorced,3,No,1,26,6,3,7,No
942,15,2,1,4,Married,0,Yes,1,6,2,2,5,No
1256,3,3,2,4,Married,0,Yes,1,1,5,3,0,Yes
1402,2,3,3,1,Married,8,No,0,28,2,3,26,No
111,17,4,1,3,Single,2,No,0,6,3,3,0,No
147,2,2,3,3,Married,1,No,1,5,2,3,5,No
906,5,1,2,1,Divorced,6,No,1,5,2,1,1,Yes
1329,29,3,3,1,Divorced,8,No,3,8,3,3,4,No
1184,2,2,3,2,Married,5,No,3,5,2,3,0,No
1421,2,4,3,1,Married,2,No,1,32,3,3,2,No
1179,19,4,2,1,Married,1,No,3,6,2,3,6,No
1450,15,4,3,2,Married,5,No,1,25,2,3,4,No
1361,17,3,3,1,Married,3,Yes,3,15,2,3,7,No
984,17,4,3,2,Married,1,No,1,1,3,1,1,Yes
1146,25,2,3,3,Married,1,No,1,10,3,2,10,No
917,6,3,1,3,Divorced,1,No,1,7,4,3,7,No
853,7,3,3,3,Divorced,1,No,3,10,4,2,10,No
200,29,4,3,4,Single,1,No,0,20,3,3,20,No
654,21,3,4,4,Single,1,No,0,2,2,3,2,No
150,2,4,3,4,Divorced,2,No,1,12,3,2,6,No
179,2,4,4,1,Married,7,No,1,10,3,4,4,No
696,7,2,4,4,Divorced,0,Yes,1,12,3,3,11,No
116,13,3,2,2,Married,1,No,1,2,2,3,2,No
1316,2,4,3,3,Single,4,Yes,0,10,2,3,8,No
363,1,3,1,1,Divorced,2,Yes,1,17,2,3,7,No
117,9,1,3,4,Married,0,No,1,15,5,3,14,No
107,10,2,2,2,Divorced,7,No,1,7,2,4,5,No
1356,10,3,3,4,Single,0,No,0,5,4,3,4,No
1465,1,4,3,2,Married,0,Yes,1,12,2,3,11,No
458,26,1,3,1,Married,3,Yes,0,20,6,3,1,No
1212,8,3,2,4,Married,4,Yes,1,16,6,2,13,No
1103,14,1,3,1,Married,1,Yes,2,9,3,2,9,No
966,1,4,3,3,Divorced,7,No,1,33,2,1,5,No
1117,2,1,4,4,Married,1,No,1,10,5,3,10,No
504,10,1,2,2,Single,1,Yes,0,1,2,4,1,Yes
1010,1,1,3,4,Divorced,1,No,3,3,5,3,3,No
685,3,4,3,4,Married,3,No,0,36,2,3,10,No
1332,11,3,3,1,Married,1,Yes,0,6,2,2,6,No
1062,24,3,2,1,Single,1,No,0,10,2,3,10,No
326,3,3,2,4,Single,5,No,0,13,2,3,6,No
920,3,3,1,4,Married,3,No,1,25,2,3,8,No
1098,4,1,2,3,Married,2,No,1,23,2,4,1,No
469,3,3,3,2,Married,1,No,0,12,2,2,11,No
969,2,4,4,2,Single,5,No,0,7,4,2,1,No
1167,4,1,3,3,Divorced,1,No,3,5,2,3,5,No
1329,7,3,3,4,Divorced,1,Yes,2,6,2,3,6,No
715,1,4,2,4,Single,6,No,0,25,3,4,1,No
694,1,4,2,4,Divorced,3,No,2,9,2,2,7,No
1320,20,3,4,3,Married,0,No,0,2,5,2,1,No
1099,5,2,3,2,Married,7,No,1,26,5,3,22,No
536,10,4,4,3,Divorced,0,Yes,2,10,3,3,9,No
265,25,2,4,4,Single,1,Yes,0,1,2,3,1,No
373,1,4,3,3,Married,1,No,1,1,2,3,1,No
599,24,3,1,4,Single,1,Yes,0,1,4,3,1,Yes
583,4,3,3,4,Single,1,Yes,0,8,2,2,8,No
1449,2,1,1,2,Single,2,Yes,0,26,2,3,24,Yes
177,8,4,2,2,Divorced,1,Yes,1,34,3,3,33,No
251,10,1,2,3,Single,1,No,0,2,2,1,2,Yes
168,4,4,2,2,Married,2,No,1,26,2,3,11,No
131,2,3,3,1,Single,0,Yes,0,4,3,3,3,No
237,9,4,3,2,Divorced,4,Yes,1,31,5,2,29,No
1429,18,4,3,4,Single,6,No,0,25,6,2,9,No
135,19,3,3,2,Divorced,4,No,2,15,2,4,11,No
791,1,4,3,3,Single,0,Yes,0,5,2,2,4,No
1199,4,3,4,1,Divorced,1,No,2,26,4,2,25,No
648,11,3,2,2,Married,4,No,2,14,5,4,10,No
735,6,3,3,3,Married,0,Yes,0,4,3,3,3,No
603,7,2,4,2,Married,6,Yes,0,18,2,3,1,No
531,4,4,2,4,Single,3,No,0,23,3,4,21,No
429,2,3,3,2,Single,9,Yes,0,18,2,3,16,No
621,15,1,3,4,Married,1,No,1,10,2,3,10,Yes
193,2,4,2,4,Married,1,Yes,1,2,2,3,2,No
968,6,2,2,3,Single,0,No,0,8,6,2,7,No
879,9,3,3,3,Single,7,Yes,0,10,3,3,8,No
806,7,2,3,3,Divorced,3,Yes,2,10,2,3,7,Yes
640,1,4,3,1,Single,2,No,0,5,2,2,3,No
266,1,4,3,2,Single,1,No,0,2,3,2,2,No
604,8,3,4,4,Married,1,No,2,10,4,4,10,No
364,25,2,3,2,Single,3,No,0,22,4,3,0,No
412,13,3,2,2,Divorced,6,Yes,2,21,4,3,19,No
848,23,1,3,3,Divorced,1,No,2,2,3,3,2,No
1089,7,4,3,3,Married,1,No,1,10,3,3,10,Yes
360,23,3,3,1,Single,0,No,0,6,2,3,5,Yes
1138,6,1,2,4,Married,0,No,1,10,6,3,9,No
325,10,4,3,3,Married,3,No,0,10,0,3,7,No
991,1,4,3,1,Single,6,No,0,10,3,4,7,No
1476,1,3,1,4,Married,0,No,3,10,6,3,9,No
1322,28,4,3,1,Married,4,Yes,0,25,2,3,3,No
299,25,4,2,2,Single,2,Yes,0,9,2,3,5,Yes
1030,5,2,3,2,Single,9,Yes,0,10,2,2,8,Yes
634,17,2,3,1,Married,1,Yes,2,9,2,3,9,No
524,18,1,3,3,Single,0,No,0,9,6,3,8,No
587,2,4,3,3,Divorced,1,Yes,1,10,5,2,10,No
256,10,3,1,2,Single,1,No,0,19,4,3,19,No
1060,1,4,3,2,Single,1,Yes,0,3,2,4,3,Yes
935,3,1,3,1,Married,4,No,0,10,4,4,3,Yes
495,2,3,3,3,Married,0,Yes,0,21,3,2,20,No
282,2,4,1,3,Married,4,No,1,23,5,3,19,No
206,8,4,3,2,Single,6,No,0,36,4,3,7,No
458,16,3,3,3,Divorced,9,No,1,6,0,3,4,No
943,9,4,3,4,Divorced,0,No,1,10,0,2,9,No
523,2,3,3,4,Single,1,No,0,9,4,3,9,No
1018,1,3,3,1,Divorced,0,No,1,10,2,3,9,No
482,4,3,3,3,Single,1,Yes,0,9,3,3,9,No
770,5,3,3,2,Divorced,1,Yes,1,33,2,3,33,No
1009,2,2,3,1,Divorced,3,No,1,11,3,3,7,No
507,15,3,3,1,Single,1,No,0,10,6,4,10,No
882,19,4,3,4,Married,3,No,3,7,6,2,3,No
601,7,3,2,1,Married,7,Yes,0,31,0,2,10,Yes
329,1,2,3,2,Married,3,No,1,7,3,3,4,No
607,7,1,4,1,Married,2,No,1,17,2,2,15,No
855,4,4,3,4,Single,1,No,0,11,2,3,10,No
1291,11,3,4,4,Married,8,No,1,5,4,3,1,No
1405,11,4,2,2,Single,3,No,0,29,1,2,5,No
1124,1,4,3,4,Single,1,No,0,0,5,4,0,No
817,1,4,2,4,Married,0,No,1,10,0,3,9,No
793,2,4,1,4,Single,3,No,0,8,3,3,6,No
267,13,1,4,3,Single,6,Yes,0,24,2,2,19,Yes
1369,23,4,3,2,Married,4,Yes,1,33,0,3,19,No
999,26,1,2,3,Divorced,1,No,3,5,2,3,5,No
1202,2,2,4,3,Divorced,5,No,3,15,0,3,12,No
285,29,2,3,3,Married,4,No,2,10,1,3,8,No
703,2,3,2,4,Single,7,No,0,3,3,4,1,Yes
662,18,4,3,3,Married,0,Yes,1,5,0,2,4,Yes
693,7,4,4,3,Divorced,1,No,3,4,2,3,4,No
404,2,3,3,4,Single,1,No,0,14,2,4,14,No
736,26,3,2,1,Married,1,No,1,5,0,3,5,No
330,22,4,3,3,Married,1,Yes,2,10,3,2,10,Yes
1498,21,1,2,4,Married,3,Yes,2,8,2,4,5,No
541,2,2,3,2,Married,2,No,0,14,5,3,4,No
1200,22,4,3,4,Divorced,3,Yes,2,12,4,2,6,No
1439,4,3,3,3,Married,7,Yes,0,8,2,3,6,No
1111,5,2,3,4,Married,6,No,0,8,2,4,5,No
499,2,3,3,2,Married,0,Yes,3,4,3,2,3,No
1485,25,3,3,3,Married,3,No,1,13,2,3,6,No
1372,18,1,4,3,Married,2,No,0,6,3,2,3,No
322,28,4,4,3,Married,2,Yes,1,24,3,2,5,No
930,6,1,2,3,Single,1,Yes,0,20,3,1,20,No
205,10,4,2,4,Married,1,Yes,0,6,3,3,6,No
135,17,4,3,3,Single,1,Yes,0,8,2,3,8,Yes
683,2,1,2,4,Single,0,No,0,5,2,3,4,No
1147,10,3,3,1,Married,0,No,1,21,5,3,20,No
258,8,3,3,1,Married,9,No,0,12,2,1,5,No
1462,11,1,3,3,Single,4,No,0,8,6,3,3,No
200,18,3,3,4,Single,2,No,0,10,2,3,2,No
949,1,1,3,4,Married,4,No,1,7,2,2,3,No
652,7,3,4,1,Single,0,No,0,8,2,3,7,No
332,17,2,2,1,Single,1,No,0,10,3,2,10,No
1475,28,1,2,1,Single,3,No,0,20,2,3,4,Yes
337,14,3,3,4,Single,0,Yes,0,9,1,3,8,Yes
971,1,4,3,4,Single,6,No,0,29,3,2,20,No
1055,1,4,3,1,Married,3,Yes,1,32,3,3,9,No
1136,1,2,4,4,Divorced,2,No,2,31,4,4,7,No
1174,3,1,3,2,Single,3,Yes,0,15,3,3,5,No
667,1,2,1,3,Single,1,No,0,1,3,3,1,Yes
855,7,4,3,1,Divorced,7,No,2,8,3,3,3,No
182,8,1,3,2,Single,3,No,0,9,3,4,3,No
560,1,4,3,1,Divorced,5,No,2,10,2,3,4,No
202,8,1,2,2,Single,1,No,0,1,3,4,1,Yes
1377,11,2,3,1,Married,0,No,0,6,3,4,5,No
172,4,1,2,4,Single,1,No,0,10,2,2,10,No
329,16,3,2,1,Married,4,No,2,11,3,2,3,No
465,1,1,3,4,Married,7,No,1,17,2,2,6,No
383,9,1,2,1,Married,3,No,0,6,2,3,3,Yes
1413,5,3,4,3,Single,0,No,0,7,2,1,6,No
1255,1,1,3,1,Married,2,No,1,5,3,4,3,No
359,2,1,3,3,Married,3,No,2,26,2,4,20,No
1476,4,4,3,3,Married,1,Yes,2,5,3,3,5,No
601,7,4,3,4,Married,4,No,1,7,3,2,4,No
401,1,4,2,2,Married,5,No,1,7,2,2,5,No
1283,5,2,4,3,Married,2,Yes,0,7,5,2,4,No
663,9,3,3,3,Divorced,3,No,2,11,2,4,8,No
326,8,1,3,4,Divorced,1,No,1,13,5,3,13,No
377,9,1,3,4,Divorced,4,No,1,28,1,4,7,Yes
592,2,1,2,1,Single,2,Yes,0,11,2,4,1,Yes
1445,1,3,4,2,Single,1,No,0,10,2,3,10,Yes
1038,20,2,1,1,Divorced,2,Yes,1,24,2,3,7,No
1398,8,4,4,2,Single,9,No,0,8,3,3,3,No
523,2,2,3,4,Married,6,Yes,1,7,2,1,2,Yes
1448,29,2,3,4,Married,4,Yes,2,10,4,4,3,No
1221,7,3,3,1,Divorced,4,No,3,15,3,3,2,No
1107,9,1,3,3,Married,1,No,0,2,0,3,2,Yes
218,8,4,2,2,Divorced,2,No,1,16,5,3,9,No
866,5,4,3,1,Single,0,No,0,6,4,3,5,No
981,5,3,2,3,Single,3,No,0,7,5,3,5,No
447,2,4,4,2,Single,4,No,0,35,2,2,9,No
1495,5,1,3,3,Married,2,No,1,20,0,2,3,No
896,2,3,3,3,Divorced,2,No,1,8,3,4,3,No
1467,20,4,3,2,Single,1,No,0,6,3,2,5,No
430,7,4,3,1,Married,0,No,2,5,2,3,4,No
1326,3,4,1,1,Single,3,No,0,15,2,3,13,No
1358,16,4,3,3,Married,8,No,2,4,2,2,2,No
748,9,1,3,4,Single,1,No,0,12,3,3,12,No
383,1,1,3,3,Married,7,No,1,11,4,2,1,No
990,7,3,3,3,Divorced,1,No,2,1,2,2,1,No
405,1,2,4,3,Married,0,No,1,13,2,2,12,No
1490,7,3,3,2,Divorced,3,No,2,29,3,3,8,No
829,15,2,3,1,Divorced,7,No,2,16,3,2,14,No
1496,1,1,3,3,Married,3,No,1,5,3,4,3,Yes
115,13,1,3,2,Single,5,No,0,7,4,1,5,Yes
790,24,1,2,2,Single,0,Yes,0,16,2,4,15,Yes
660,7,4,3,3,Married,1,No,1,1,3,3,1,No
381,9,2,3,1,Single,2,Yes,0,4,2,2,0,Yes
830,13,4,3,2,Married,1,No,1,1,2,3,1,No
1193,2,2,3,3,Single,5,Yes,0,16,2,2,2,No
1246,19,3,2,3,Divorced,1,No,2,10,3,3,10,No
330,1,3,3,3,Divorced,0,No,1,6,3,4,5,No
1229,4,4,3,3,Married,0,Yes,0,4,2,3,3,No
1099,4,1,2,2,Married,8,No,0,8,5,3,5,No
571,14,3,3,3,Married,3,Yes,1,11,4,2,5,No
289,2,3,2,1,Single,7,No,0,8,2,2,0,Yes
1423,1,1,2,3,Divorced,1,No,1,1,2,1,1,No
467,7,3,3,1,Single,0,No,0,5,5,3,4,No
271,3,3,2,1,Married,4,No,1,10,3,3,3,No
410,2,4,3,2,Married,0,No,3,4,3,3,3,No
1083,29,3,1,2,Married,1,No,2,8,2,2,8,No
516,8,4,3,3,Single,2,Yes,0,14,6,3,0,No
495,10,3,3,4,Single,2,No,0,10,5,4,5,No
1050,11,2,3,4,Divorced,3,No,1,26,2,3,14,No
224,1,1,2,1,Single,6,No,0,11,2,1,9,Yes
136,28,4,3,1,Married,3,No,1,24,1,4,20,No
1089,6,2,3,2,Single,4,No,0,9,3,3,2,No
228,3,3,3,2,Married,8,No,1,23,2,4,13,No
1029,16,4,2,2,Single,1,No,0,11,3,1,11,No
507,20,1,3,3,Single,0,No,0,5,2,3,4,No
676,9,4,3,1,Single,3,No,0,15,3,1,5,Yes
971,1,4,2,3,Married,1,Yes,0,10,3,3,10,No
561,3,4,3,3,Single,1,No,0,7,2,1,7,Yes
333,22,3,1,4,Single,1,Yes,0,32,2,3,32,No
1440,7,2,3,3,Married,0,Yes,1,12,4,3,11,No
1210,2,3,2,2,Married,4,No,1,4,3,3,1,No
674,13,1,3,4,Married,1,No,0,10,2,3,10,No
441,8,3,1,1,Married,3,No,1,9,3,3,7,No
575,25,4,2,2,Single,1,No,0,5,2,3,5,No
950,28,4,3,4,Married,4,No,1,8,3,3,5,No
288,2,4,3,4,Married,2,Yes,1,24,3,1,20,No
1342,9,1,3,1,Married,0,No,0,9,5,4,8,No
589,28,2,3,3,Married,1,Yes,1,15,3,3,15,No
898,6,3,3,4,Single,1,Yes,0,21,2,3,21,No
350,21,3,2,1,Divorced,0,No,3,2,3,3,1,No
1142,8,4,3,4,Divorced,3,Yes,0,8,2,3,2,No
538,1,1,3,2,Divorced,1,No,3,10,4,3,10,No
1402,28,2,2,3,Married,0,No,2,6,5,3,5,No
824,5,4,2,2,Married,3,No,1,12,2,3,7,No
1157,2,3,3,4,Single,3,Yes,0,7,3,2,3,No
492,16,3,3,3,Divorced,8,No,1,18,2,3,8,No
598,9,3,4,3,Married,6,No,2,5,2,2,1,No
1242,8,1,3,1,Married,2,No,1,8,6,1,2,No
740,1,2,2,1,Married,1,No,1,10,4,3,10,Yes
888,10,3,3,3,Married,3,No,0,10,2,3,6,No
992,1,4,2,1,Single,1,No,0,3,3,3,3,No
1288,29,3,3,2,Married,3,No,1,9,3,3,4,No
104,2,1,3,1,Divorced,1,Yes,1,1,2,3,1,Yes
607,2,3,2,4,Married,0,No,1,34,4,3,33,Yes
903,2,3,3,2,Married,4,No,2,7,2,3,5,Yes
1200,1,4,3,1,Married,4,No,1,9,3,2,6,No
1108,15,3,3,1,Married,8,No,1,10,3,2,8,No
479,7,1,3,4,Single,1,No,0,1,4,1,1,No
685,26,3,2,4,Married,1,No,1,36,3,3,36,No
1351,1,2,3,4,Married,9,No,1,9,3,2,2,No
474,3,1,3,4,Married,1,No,0,1,5,3,1,No
1245,14,3,3,2,Married,0,No,1,10,3,3,9,No
437,16,2,3,2,Single,2,No,0,8,5,4,3,No
884,1,2,3,3,Single,6,No,0,15,5,3,1,No
1370,3,2,3,1,Single,1,Yes,0,10,3,3,10,No
670,10,1,3,3,Single,3,Yes,0,10,4,3,5,No
1462,6,4,4,3,Married,2,No,1,11,3,3,7,No
995,2,1,3,4,Divorced,1,No,1,6,0,4,6,No
264,9,3,3,3,Married,4,Yes,1,27,2,3,1,No
977,10,4,4,3,Married,2,No,1,4,2,3,2,No
1302,6,1,4,1,Married,3,Yes,1,9,3,3,3,No
1059,9,4,2,4,Single,8,No,0,24,2,3,1,No
750,28,2,4,3,Married,1,No,2,10,3,2,10,No
653,10,4,2,3,Married,1,No,1,8,3,2,8,No
118,14,4,3,1,Married,1,No,1,5,2,3,5,No
990,27,4,4,2,Divorced,5,No,1,8,0,3,6,No
1349,7,3,2,4,Married,1,No,1,1,5,2,1,No
563,1,4,4,1,Single,1,No,0,27,5,1,26,No
329,24,3,3,2,Married,1,Yes,3,1,3,3,1,Yes
457,26,2,2,3,Married,1,Yes,0,4,2,2,4,No
1234,20,2,3,3,Married,2,Yes,1,32,3,3,30,No
634,5,2,4,4,Married,3,No,2,6,3,3,3,No
1313,7,2,3,4,Divorced,0,Yes,1,23,4,2,22,No
241,7,2,2,2,Married,1,No,1,6,3,2,6,No
1015,5,3,1,1,Single,1,Yes,0,10,3,3,10,No
336,26,1,2,1,Married,1,No,1,10,2,3,10,No
715,2,4,3,1,Single,7,No,0,10,3,3,5,No
559,12,3,3,3,Married,9,Yes,2,7,2,3,3,No
426,10,3,4,4,Divorced,1,No,1,9,3,3,9,No
722,25,3,3,1,Married,1,No,1,10,3,2,9,No
1387,10,2,3,1,Married,2,No,3,10,3,3,7,No
1302,19,4,2,1,Divorced,1,No,2,7,3,3,7,No
819,18,2,4,1,Married,1,No,0,16,2,3,16,No
580,27,2,1,1,Divorced,0,No,1,6,5,2,5,No
546,5,3,3,4,Single,1,No,0,3,2,3,2,No
544,3,2,3,4,Single,1,Yes,0,0,2,4,0,Yes
1176,26,4,3,3,Married,3,No,1,27,2,3,5,No
170,3,3,2,3,Divorced,0,No,1,11,3,3,10,No
884,15,1,2,3,Married,1,No,2,18,2,3,18,No
208,8,3,3,3,Married,1,No,1,15,5,3,14,No
671,19,3,3,3,Married,3,No,3,9,2,2,4,No
711,4,1,3,3,Single,0,No,0,10,2,1,9,No
1329,2,4,2,4,Divorced,1,No,2,10,3,3,10,No
397,2,4,2,3,Married,3,Yes,1,10,6,4,5,No
737,10,4,2,1,Married,9,No,0,15,3,3,13,Yes
1470,10,2,3,2,Married,1,No,1,8,2,1,8,No
448,16,3,3,4,Single,6,Yes,0,18,2,2,4,No
602,1,1,3,4,Married,4,Yes,0,14,3,3,10,No
365,4,3,2,4,Married,2,No,1,23,3,3,2,No
763,15,1,1,4,Divorced,6,Yes,2,7,2,2,2,Yes
567,2,1,3,4,Single,1,Yes,0,6,2,3,6,No
486,8,2,4,3,Married,7,No,0,5,0,3,3,No
591,2,4,3,4,Single,2,No,0,6,0,2,4,No
1329,7,1,3,1,Single,3,Yes,0,10,3,1,4,Yes
469,10,3,2,3,Single,9,No,0,8,2,3,5,No
711,5,2,3,1,Married,4,No,2,9,6,3,3,No
772,2,4,4,3,Divorced,1,No,2,7,6,3,7,No
492,12,4,3,2,Married,4,No,0,7,3,3,5,No
301,22,1,3,2,Married,3,No,2,27,2,3,4,No
813,17,4,2,1,Divorced,5,No,3,19,3,3,14,No
1141,2,3,3,3,Single,1,No,0,2,3,3,2,No
1130,3,4,3,2,Divorced,1,No,1,11,2,3,11,No
311,7,1,3,2,Single,2,No,0,15,4,3,4,No
465,6,3,2,3,Married,2,Yes,1,30,3,3,15,No
894,1,4,2,3,Married,0,No,0,4,6,3,3,No
1040,3,4,4,1,Divorced,6,No,1,13,3,3,5,No
584,22,2,3,3,Married,3,No,1,36,6,3,10,No
1291,15,3,2,3,Married,1,No,1,14,3,3,14,No
880,12,4,3,4,Single,3,Yes,0,13,2,4,11,Yes
1189,1,4,3,4,Married,7,No,2,19,4,4,13,No
991,5,1,2,2,Divorced,1,Yes,1,10,3,2,10,No
392,2,4,3,4,Divorced,1,No,2,6,5,3,6,No
977,2,4,3,2,Divorced,0,No,2,10,4,2,9,No
1112,5,1,3,4,Married,1,No,2,10,2,3,10,No
464,16,4,3,1,Divorced,4,Yes,1,17,2,2,2,No
148,2,4,2,2,Single,1,No,0,4,3,3,4,No
1225,2,2,4,2,Divorced,6,No,3,29,2,3,3,No
809,1,3,3,3,Single,4,No,0,23,2,3,8,No
1206,23,4,3,3,Single,3,Yes,0,21,2,3,2,No
727,9,4,3,1,Single,1,No,0,2,3,3,2,No
530,16,3,3,4,Divorced,1,Yes,1,7,2,3,6,No
1351,26,1,3,3,Married,6,No,2,10,2,2,3,No
528,1,3,3,4,Divorced,4,Yes,3,8,2,3,2,No
1320,8,4,2,3,Single,1,Yes,0,5,2,3,5,Yes
1495,4,4,3,3,Married,7,No,1,7,5,2,0,No
1395,24,2,4,4,Married,3,No,0,11,2,3,4,No
708,7,4,3,3,Married,2,Yes,2,19,3,3,9,Yes
1259,2,4,3,2,Single,1,No,0,1,2,3,1,Yes
786,7,4,3,4,Single,1,No,0,7,5,3,7,No
1441,22,1,2,2,Divorced,5,No,1,8,1,3,4,No
1157,5,2,2,4,Married,1,No,1,15,3,4,15,No
370,1,3,1,4,Divorced,3,No,1,19,2,4,1,No
267,21,2,4,2,Married,1,No,3,14,6,3,14,No
1278,1,3,1,4,Divorced,1,No,2,6,2,2,6,No
678,19,2,2,4,Married,1,No,0,10,3,3,10,No
427,7,3,3,4,Divorced,1,Yes,1,3,2,3,3,Yes
921,2,3,4,4,Married,1,Yes,1,9,2,3,8,No
146,2,1,2,4,Single,0,Yes,0,6,2,4,5,No
1179,2,4,3,4,Married,1,Yes,1,10,3,3,10,No
581,9,3,4,3,Married,1,No,1,5,1,3,5,No
918,6,4,3,3,Single,1,No,0,10,3,3,10,No
1082,9,4,3,3,Married,9,No,1,9,2,3,5,No
530,2,3,3,4,Single,3,No,0,17,2,2,13,No
1238,1,3,2,3,Married,3,No,1,25,3,2,23,No
240,22,4,1,3,Married,1,No,1,1,2,3,1,Yes
1093,9,3,1,3,Married,7,No,0,25,3,1,23,Yes
390,17,4,1,3,Married,1,No,3,3,3,4,3,No
1005,28,4,2,2,Single,1,No,0,21,2,3,21,No
585,10,1,3,3,Married,6,No,1,10,3,2,5,No
741,2,2,3,3,Married,1,No,1,6,2,4,5,No
552,4,3,1,2,Married,6,No,1,10,4,3,3,No
369,8,2,3,1,Married,2,Yes,1,18,3,3,1,No
506,29,2,3,1,Divorced,1,No,3,6,2,4,6,No
717,13,3,3,2,Single,6,No,0,19,3,3,10,No
1370,27,4,3,3,Married,2,No,1,17,3,3,7,No
793,16,2,3,4,Married,1,No,1,10,2,2,10,No
543,2,3,3,2,Married,7,No,1,4,3,1,1,No
1277,2,3,3,4,Divorced,4,Yes,1,13,5,2,10,No
1456,13,2,2,1,Divorced,5,Yes,3,16,3,3,2,Yes
964,1,1,1,2,Single,6,No,0,10,2,3,0,Yes
160,4,3,3,2,Single,1,No,0,3,3,1,3,No
163,24,4,3,4,Single,2,No,0,9,3,2,5,No
792,1,4,3,4,Married,1,Yes,1,9,2,3,9,No
371,19,4,1,3,Married,3,No,1,10,2,1,4,No
611,7,2,3,2,Single,1,No,0,21,3,2,21,No
176,4,3,1,3,Married,4,No,2,9,2,4,5,No
1312,2,4,2,1,Single,0,No,0,10,2,3,9,No
897,10,1,3,4,Married,0,No,1,3,2,3,2,No
600,8,3,2,4,Divorced,6,No,1,6,0,2,4,Yes
1003,5,1,3,3,Married,1,No,1,6,3,3,5,No
1054,8,3,3,4,Single,1,No,0,6,5,2,6,No
428,9,2,1,2,Single,1,No,0,2,3,3,2,Yes
461,1,4,4,3,Single,8,Yes,0,10,5,4,3,No
979,15,3,2,1,Divorced,2,No,1,12,2,3,7,No
181,2,4,4,4,Married,0,Yes,3,6,3,3,5,No
1283,2,4,3,2,Single,8,No,0,13,2,2,11,No
1313,11,4,3,4,Single,3,No,0,8,1,4,5,No
211,16,1,3,1,Single,2,Yes,0,11,2,2,0,Yes
594,2,3,2,2,Married,4,No,1,9,4,2,6,No
1079,16,1,3,3,Married,2,No,3,10,2,3,1,Yes
590,4,4,2,1,Divorced,1,No,1,1,2,3,1,No
305,16,3,4,3,Married,3,No,1,10,3,3,7,No
953,5,2,3,2,Single,2,No,0,12,3,3,7,No
833,18,2,1,4,Married,3,Yes,1,15,2,3,1,No
807,17,3,2,3,Married,9,Yes,1,6,4,3,1,Yes
855,12,2,3,2,Divorced,8,No,3,7,6,2,5,No
478,2,3,2,1,Married,8,No,3,34,2,3,1,No
775,4,4,3,2,Divorced,5,No,2,11,2,2,9,No
548,9,3,3,1,Divorced,1,No,2,5,2,3,5,No
1375,10,4,3,3,Divorced,1,Yes,1,15,3,3,15,No
661,1,1,2,3,Married,4,Yes,3,27,2,2,3,No
244,2,2,3,4,Single,0,No,0,10,5,3,9,No
511,3,4,1,4,Single,5,No,0,6,3,3,2,No
337,7,2,3,2,Single,1,No,0,1,3,3,1,Yes
1153,6,4,2,3,Married,1,No,1,5,3,3,5,No
1294,8,3,3,1,Married,1,Yes,0,1,6,3,1,Yes
196,29,1,2,4,Married,1,No,2,13,3,3,12,No
942,3,1,3,3,Married,2,No,0,15,2,3,2,No
589,9,2,2,2,Married,1,No,2,5,2,3,5,No
734,2,3,3,4,Divorced,7,Yes,1,24,3,3,2,No
1383,10,4,3,1,Married,7,Yes,1,15,1,3,12,No
429,1,3,3,2,Divorced,1,Yes,3,6,2,2,5,Yes
1239,8,3,3,2,Divorced,2,No,0,19,4,2,10,No
303,27,3,3,4,Single,1,Yes,0,10,2,3,10,Yes
867,8,4,4,1,Married,6,No,1,14,1,3,10,No
1181,1,3,3,4,Married,1,No,1,5,6,4,5,No
1253,10,3,3,3,Single,7,No,0,9,3,3,4,No
849,26,2,2,2,Single,8,No,0,6,3,3,2,No
616,2,3,3,1,Married,4,No,1,7,5,2,4,No
1128,13,2,4,1,Married,5,No,2,10,2,2,0,No
1180,2,2,3,4,Divorced,2,No,1,15,6,3,7,No
1336,2,1,3,2,Divorced,5,No,3,13,3,3,11,No
234,9,4,3,1,Married,4,No,1,11,3,2,7,Yes
370,10,4,3,1,Single,1,No,0,10,4,1,10,Yes
766,20,3,3,4,Divorced,2,No,1,7,6,3,2,No
343,9,1,3,3,Single,4,No,0,7,2,2,3,No
447,5,2,4,2,Single,3,No,0,11,3,1,3,No
796,4,3,3,3,Divorced,0,Yes,1,23,3,4,22,No
1092,10,1,3,3,Single,9,No,0,9,3,3,7,No
920,20,4,3,2,Married,0,Yes,0,6,3,3,5,Yes
261,21,4,3,2,Married,4,No,1,13,2,4,9,Yes
1194,1,3,3,4,Divorced,4,No,1,12,3,3,5,No
810,8,2,4,3,Married,1,No,2,10,5,3,10,No
350,2,2,3,2,Divorced,4,No,1,37,0,2,16,No
185,23,2,1,3,Married,0,No,1,6,2,4,5,No
1001,4,3,2,2,Divorced,8,Yes,1,28,4,3,22,No
750,12,2,3,1,Divorced,2,No,1,15,3,3,7,No
431,7,4,3,4,Married,4,No,1,14,2,2,7,No
1125,7,1,3,1,Married,2,No,2,9,3,3,3,No
1217,1,3,3,1,Married,1,No,1,3,3,3,3,No
723,2,2,1,4,Married,2,Yes,2,20,4,2,4,No
572,10,3,3,4,Single,1,No,0,5,4,3,5,No
1216,15,1,3,3,Married,2,Yes,0,23,3,3,2,No
1431,14,2,3,3,Single,1,No,0,0,4,1,0,No
359,18,4,4,1,Married,0,No,0,2,4,3,1,Yes
350,13,1,2,1,Divorced,4,Yes,3,4,3,3,2,Yes
589,2,3,3,3,Married,4,No,2,10,3,4,8,No
430,2,4,3,2,Married,4,Yes,1,15,2,3,1,No
1422,2,1,3,4,Married,1,No,1,7,5,3,7,No
1297,5,4,3,4,Single,0,Yes,0,6,3,2,5,No
574,20,4,3,4,Married,1,No,0,11,3,4,11,No
1318,10,4,3,4,Single,8,No,0,4,2,4,0,No
355,10,3,3,3,Married,3,No,2,10,1,2,6,No
207,9,2,3,3,Single,4,No,0,7,2,3,2,No
706,2,4,3,4,Divorced,3,No,1,12,4,2,9,No
280,1,3,3,4,Divorced,1,No,1,3,2,3,3,No
726,29,4,1,3,Divorced,8,No,2,11,3,3,7,No
1142,8,4,3,3,Single,4,No,0,8,3,3,0,No
414,2,3,2,2,Single,7,Yes,0,7,3,2,2,Yes
1319,3,1,4,1,Divorced,2,No,1,25,5,3,19,No
728,23,2,2,3,Married,1,No,1,9,5,3,9,No
352,6,4,2,2,Married,1,No,0,1,3,3,1,No
823,6,1,2,3,Married,7,No,0,21,2,3,16,No
1224,10,4,2,2,Married,4,No,0,29,3,3,22,No
459,24,4,2,4,Single,1,Yes,0,1,3,2,1,Yes
1254,10,3,3,2,Married,5,No,3,14,2,3,8,Yes
1131,15,4,2,1,Married,0,No,1,8,2,2,7,No
835,19,4,3,4,Divorced,8,No,3,7,2,3,2,No
836,2,2,2,4,Married,8,No,1,19,2,4,5,No
1172,3,2,3,2,Married,1,No,1,1,3,3,1,No
945,9,2,3,4,Single,1,No,0,1,3,2,1,Yes
391,7,4,3,2,Single,1,Yes,0,1,2,3,1,Yes
1266,10,2,2,3,Married,1,Yes,1,10,4,3,10,No
311,20,2,3,3,Divorced,1,No,1,10,2,3,10,No
1480,4,3,3,4,Married,2,Yes,3,9,3,3,5,No
592,7,4,3,1,Single,3,No,0,11,2,3,3,No
783,7,4,3,1,Married,5,Yes,1,16,2,3,5,No
219,16,4,2,2,Married,0,Yes,0,4,2,3,3,No
556,25,2,2,4,Married,0,No,2,10,2,2,9,No
1213,2,2,2,4,Single,1,No,0,10,2,2,10,No
1137,1,1,3,1,Divorced,2,No,1,22,3,3,19,No
482,1,2,2,3,Married,1,Yes,1,1,3,2,1,No
511,2,1,4,3,Single,0,No,0,9,5,2,8,No
117,22,4,3,4,Divorced,3,No,1,24,3,3,22,No
170,1,2,4,1,Married,2,No,1,10,5,3,2,No
967,16,4,1,1,Married,1,Yes,1,5,2,3,5,Yes
1162,24,1,3,4,Single,1,No,0,5,3,3,4,Yes
335,17,3,2,2,Married,2,No,2,12,1,1,4,No
337,8,3,3,2,Married,5,No,1,14,3,3,5,No
1396,6,3,3,1,Married,9,No,1,18,3,4,13,No
1079,10,3,3,4,Divorced,2,Yes,1,8,2,3,5,No
735,3,4,2,4,Married,3,Yes,0,9,3,2,4,No
471,4,1,4,3,Divorced,8,No,1,4,0,2,2,No
1096,6,3,4,4,Married,0,No,1,8,3,3,7,No
1297,1,2,3,3,Single,4,No,0,12,3,3,4,No
217,10,2,3,3,Single,1,No,0,10,2,2,10,No
783,1,3,2,4,Married,1,Yes,1,7,2,3,7,No
746,24,3,4,1,Single,1,No,0,1,3,3,1,Yes
1251,21,1,1,3,Married,6,No,1,10,1,3,3,No
1354,2,2,3,2,Married,1,No,1,6,3,2,5,No
735,22,3,2,4,Married,1,Yes,0,16,3,3,15,No
1475,13,4,3,3,Single,3,Yes,0,6,0,3,2,Yes
1169,14,3,3,2,Married,8,No,1,16,4,4,8,No
1443,11,4,2,1,Married,4,No,1,6,3,3,0,No
867,9,1,3,1,Married,1,No,1,10,3,3,10,No
1394,8,4,2,2,Divorced,1,Yes,1,20,3,3,20,No
605,21,4,3,4,Married,4,Yes,1,29,2,2,1,No
238,5,1,4,3,Single,3,Yes,0,8,2,3,4,Yes
1206,9,2,3,4,Divorced,2,No,2,10,0,4,5,No
1064,2,2,3,4,Married,3,No,0,28,3,3,5,No
419,12,2,3,4,Divorced,3,Yes,2,14,4,3,0,No
1337,22,1,2,2,Married,1,No,0,1,2,3,1,Yes
682,18,2,3,1,Married,0,No,1,6,2,1,5,No
1103,16,3,3,3,Single,1,No,0,5,3,2,5,No
976,3,3,3,1,Divorced,1,Yes,1,4,3,4,4,No
1351,9,1,4,2,Married,1,No,0,5,3,3,5,No
937,1,1,3,4,Single,1,No,0,14,3,2,14,No
1239,13,4,3,3,Divorced,1,No,1,9,2,2,8,No
157,1,3,3,1,Single,0,No,0,8,6,2,7,No
136,1,1,3,1,Married,0,No,1,6,5,2,5,No
1146,15,3,3,4,Divorced,5,No,1,9,6,3,5,No
1125,1,4,1,1,Married,1,No,0,10,6,3,10,No
1404,17,3,2,4,Divorced,5,No,1,6,2,2,4,Yes
1404,1,1,2,1,Single,4,No,0,20,3,2,1,No
1224,7,3,3,4,Married,1,Yes,0,10,2,3,10,No
954,9,4,3,4,Single,1,No,0,7,5,3,7,No
1373,5,4,2,4,Single,8,No,0,8,1,3,1,No
754,26,1,3,4,Married,1,Yes,0,10,4,3,10,Yes
1168,24,1,3,1,Single,6,Yes,0,15,2,2,2,Yes
155,9,1,3,3,Married,3,No,2,9,6,2,4,No
1303,7,4,3,3,Divorced,1,No,3,9,2,3,9,No
574,11,1,3,3,Married,1,No,1,10,1,3,10,No
1444,1,4,3,2,Married,0,Yes,1,7,2,3,6,No
189,26,3,4,2,Married,4,Yes,1,35,0,3,10,No
1276,2,4,1,4,Divorced,1,Yes,3,1,4,3,1,No
119,15,2,3,1,Single,0,No,0,21,3,3,20,No
335,23,4,2,3,Single,1,No,0,20,2,3,20,No
697,10,3,3,3,Married,4,No,1,13,2,4,11,No
157,10,3,3,1,Single,6,Yes,0,9,3,3,5,No
771,1,2,2,3,Single,1,No,0,4,2,2,4,No
571,12,4,3,4,Single,1,No,0,5,6,4,5,No
692,11,4,3,3,Married,1,No,1,10,2,4,10,No
444,2,2,3,2,Married,3,No,1,15,4,3,11,No
309,2,3,3,2,Married,4,No,0,6,3,3,2,No
911,1,4,3,2,Married,1,No,0,12,6,2,12,No
977,2,4,3,3,Divorced,6,Yes,1,7,2,2,2,No
1180,25,1,3,3,Single,2,No,0,25,3,3,17,No
1313,1,2,2,3,Divorced,1,No,3,1,2,2,1,No
1321,1,4,3,2,Married,0,No,2,16,3,3,15,No
1154,2,1,3,3,Married,0,No,1,3,1,3,2,No
508,6,1,2,3,Married,2,No,1,10,1,3,8,No
557,18,4,3,1,Divorced,6,Yes,1,9,3,2,4,No
642,1,4,3,4,Married,3,No,1,12,3,3,5,No
1162,1,3,3,2,Married,0,No,2,14,3,1,13,No
1490,11,4,3,3,Married,7,Yes,1,5,3,3,2,No
581,1,4,3,3,Single,0,No,0,4,2,4,3,No
1395,9,2,3,3,Single,1,No,0,10,5,3,10,No
501,15,2,3,4,Married,0,Yes,1,10,6,3,9,No
267,29,3,2,2,Single,1,No,0,6,3,3,6,No
543,1,1,3,4,Married,8,No,2,8,3,2,1,No
234,1,2,2,2,Married,0,No,1,3,2,3,2,No
116,24,1,3,4,Single,7,No,0,18,2,3,7,No
201,10,2,1,3,Married,3,No,1,20,3,3,18,No
801,1,3,3,4,Married,1,No,2,14,3,3,14,No
161,10,3,4,4,Married,1,Yes,1,16,2,3,16,No
1382,8,1,3,3,Divorced,0,Yes,1,6,3,2,5,No
585,29,1,3,4,Divorced,2,No,2,16,3,2,9,No
1037,1,2,3,4,Single,6,Yes,0,6,2,3,4,No
501,5,3,3,1,Single,1,Yes,0,2,6,3,2,No
105,9,4,3,4,Single,2,No,0,21,3,2,6,No
638,9,4,3,1,Married,1,No,1,1,3,2,1,Yes
557,3,1,2,4,Married,0,No,2,10,2,3,9,No
688,4,4,3,2,Divorced,7,No,3,18,3,3,4,No
667,1,3,3,3,Divorced,1,No,1,13,2,2,13,No
1092,1,1,3,4,Married,9,Yes,3,4,3,4,2,Yes
300,2,1,3,3,Married,5,No,0,24,2,2,22,No
310,7,4,3,3,Married,8,No,1,14,4,1,10,Yes
582,28,1,2,2,Married,0,No,1,21,3,3,20,No
704,28,4,2,3,Married,1,No,2,8,2,3,8,No
301,15,4,1,4,Divorced,1,No,1,15,4,2,15,No
930,3,3,2,2,Divorced,2,No,1,14,5,3,5,No
529,2,4,3,1,Single,1,No,0,4,4,3,4,No
1146,26,3,3,4,Single,1,Yes,0,9,2,3,9,No
345,10,1,3,4,Married,1,No,1,10,1,3,10,No
878,1,2,3,3,Divorced,7,No,2,12,3,3,6,Yes
1120,11,2,2,4,Married,4,No,1,8,2,2,6,No
374,20,4,3,3,Single,8,No,0,8,3,3,5,No
1322,2,3,2,3,Single,2,No,0,8,2,3,2,No
1199,18,3,3,3,Married,1,Yes,2,10,2,4,10,No
1194,2,3,3,3,Married,2,No,3,20,2,3,5,No
287,1,3,1,4,Married,1,No,1,4,5,3,4,No
1378,13,4,2,2,Married,4,Yes,1,10,2,3,4,No
468,28,4,2,1,Single,1,No,0,5,3,1,5,No
410,28,4,2,1,Divorced,4,Yes,1,20,3,3,3,Yes
722,24,2,2,4,Married,0,No,1,21,2,2,20,No
325,5,2,3,1,Single,0,No,0,10,2,3,9,No
1167,5,4,2,3,Single,0,No,0,5,2,3,4,No
884,23,3,4,4,Married,4,No,1,17,3,3,5,No
613,6,4,2,1,Married,4,No,1,9,5,3,7,No
155,4,2,4,2,Married,1,Yes,1,6,0,3,6,No
1023,2,4,2,2,Married,2,No,0,17,3,2,9,No
628,8,2,4,3,Married,2,No,0,6,3,4,4,No
